<?xml version="1.0" encoding="UTF-8"?>
<window>
	<zorder>2</zorder>
	<onload condition="String.IsEqual(Skin.String(Viz.Background),4) + !Skin.HasSetting(TMDbHelper.EnableBlur)">Skin.SetBool(TMDbHelper.EnableBlur)</onload>
	<onload condition="!Skin.HasSetting(WarnedOnMusicVizInfo)">SetProperty(Notify,True,Home)</onload>
	<onload condition="!Skin.HasSetting(WarnedOnMusicVizInfo)">SetProperty(NotWarnedOnMuzicVizInfo,True,Home)</onload>
	<onload condition="!Skin.HasSetting(WarnedOnMusicVizInfo)">ActivateWindow(1126)</onload>
	<onunload condition="!String.IsEqual(Skin.String(Viz.Background),4) | String.IsEqual(Skin.String(Viz.Background),4) + !Skin.HasSetting(Enable.BlurredVideoInfo)">Skin.Reset(TMDbHelper.EnableBlur)</onunload>
	<!-- <onload condition="System.AddonIsEnabled(plugin.video.themoviedb.helper) + String.IsEqual(Skin.String(Viz.Background),4)">RunScript(plugin.video.themoviedb.helper,blur_image=$INFO[Player.Icon],prefix=MusicVisIcon)</onload> -->
	<controls>
		<control type="fadelabel" id="4410">
			<top>-100</top>
			<width>2560</width>
			<height>0</height>
			<scrollspeed>20</scrollspeed>
			<scrollout>false</scrollout>
			<randomize>true</randomize>
			<visible>String.IsEqual(Skin.String(Viz.Background),7) + [!String.IsEmpty(Player.Art(artist.fanart1)) | !String.IsEmpty(Player.Art(artist.fanart2))]</visible>
			<label>$INFO[Player.Art(fanart)]</label>
			<label>$INFO[Player.Art(artist.fanart1)]</label>
			<label>$INFO[Player.Art(artist.fanart2)]</label>
			<label>$INFO[Player.Art(artist.fanart3)]</label>
			<label>$INFO[Player.Art(artist.fanart4)]</label>
			<label>$INFO[Player.Art(artist.fanart5)]</label>
			<label>$INFO[Player.Art(artist.fanart6)]</label>
			<label>$INFO[Player.Art(artist.fanart7)]</label>
			<label>$INFO[Player.Art(artist.fanart8)]</label>
			<label>$INFO[Player.Art(artist.fanart9)]</label>
			<label>$INFO[Player.Art(artist.fanart10)]</label>
			<label>$INFO[Player.Art(artist.fanart11)]</label>
			<label>$INFO[Player.Art(artist.fanart12)]</label>
			<label>$INFO[Player.Art(artist.fanart13)]</label>
			<label>$INFO[Player.Art(artist.fanart14)]</label>
			<label>$INFO[Player.Art(artist.fanart15)]</label>
			<label>$INFO[Player.Art(artist.fanart16)]</label>
			<label>$INFO[Player.Art(artist.fanart17)]</label>
			<label>$INFO[Player.Art(artist.fanart18)]</label>
			<label>$INFO[Player.Art(artist.fanart19)]</label>
			<label>$INFO[Player.Art(artist.fanart20)]</label>
			<include>FadeLabelTime</include>
		</control>
		<control type="fadelabel" id="4411">
			<top>-100</top>
			<width>2560</width>
			<height>0</height>
			<scrollspeed>20</scrollspeed>
			<scrollout>false</scrollout>
			<randomize>true</randomize>
			<visible>String.IsEqual(Skin.String(Viz.Background),7)</visible>
			<label>$INFO[Player.Art(fanart)]</label>
			<label>$INFO[Player.Art(albumartist.fanart1)]</label>
			<label>$INFO[Player.Art(albumartist.fanart2)]</label>
			<label>$INFO[Player.Art(albumartist.fanart3)]</label>
			<label>$INFO[Player.Art(albumartist.fanart4)]</label>
			<label>$INFO[Player.Art(albumartist.fanart5)]</label>
			<label>$INFO[Player.Art(albumartist.fanart6)]</label>
			<label>$INFO[Player.Art(albumartist.fanart7)]</label>
			<label>$INFO[Player.Art(albumartist.fanart8)]</label>
			<label>$INFO[Player.Art(albumartist.fanart9)]</label>
			<label>$INFO[Player.Art(albumartist.fanart10)]</label>
			<label>$INFO[Player.Art(albumartist.fanart11)]</label>
			<label>$INFO[Player.Art(albumartist.fanart12)]</label>
			<label>$INFO[Player.Art(albumartist.fanart13)]</label>
			<label>$INFO[Player.Art(albumartist.fanart14)]</label>
			<label>$INFO[Player.Art(albumartist.fanart15)]</label>
			<label>$INFO[Player.Art(albumartist.fanart16)]</label>
			<label>$INFO[Player.Art(albumartist.fanart17)]</label>
			<label>$INFO[Player.Art(albumartist.fanart18)]</label>
			<label>$INFO[Player.Art(albumartist.fanart19)]</label>
			<label>$INFO[Player.Art(albumartist.fanart20)]</label>
			<include>FadeLabelTime</include>
		</control>
		<include>MusicVizFanartLists</include>
		<control type="visualisation" id="2">
			<include>FullscreenDimensions</include>
			<visible>!Skin.HasSetting(hidevizbehindfanart) + Player.HasAudio + ![String.IsEqual(Visualisation.Name,waveform) | String.Contains(Visualisation.Name,spectrum)]</visible>
		</control>
		<control type="group">
			<visible>!String.IsEqual(Skin.String(Viz.Background),1)</visible>
			<visible>[Visualisation.Enabled + !Skin.HasSetting(HideVisualizationFanart)] | !Visualisation.Enabled</visible>
			<include>SettingsFadeAnimation</include>
			<animation effect="fade" time="600">WindowOpen</animation>
			<animation effect="fade" time="600">WindowClose</animation>
			<include condition="Skin.HasSetting(Enable.AnimatedBackgrounds)">AnimatedBackgroundAnimation</include>
			<control type="multiimage" id="90300">
				<fadetime>2000</fadetime>
				<aspectratio>keep</aspectratio>
				<include>MultiImageTime</include>
				<imagepath background="true">$VAR[VizBackgroundVar]</imagepath>
				<animation effect="fade" start="100" end="20" time="0" condition="![String.IsEqual(Visualisation.Name,waveform) | String.Contains(Visualisation.Name,spectrum) | String.IsEmpty(Visualisation.Name)] + !Skin.HasSetting(HideVisualizationFanart)">Conditional</animation>
				<visible>!Control.IsVisible(90400) + !Control.IsVisible(90500)</visible>
			</control>
			<control type="image" id="90400">
				<fadetime>2000</fadetime>
				<aspectratio>keep</aspectratio>
				<texture background="true">$INFO[Window(Visualisation).Property(ArtistSlideshow.Image)]</texture>
				<animation effect="fade" start="100" end="20" time="0" condition="![String.IsEqual(Visualisation.Name,waveform) | String.Contains(Visualisation.Name,spectrum) | String.IsEmpty(Visualisation.Name)] + !Skin.HasSetting(HideVisualizationFanart)">Conditional</animation>
				<visible>String.IsEqual(Skin.String(Viz.Background),3) + !String.IsEmpty(Window(Visualisation).Property(ArtistSlideshow.Image))</visible>
			</control>
			<control type="image" id="90500">
				<fadetime>2000</fadetime>
				<include>FullscreenDimensions</include>
				<include>MultiImageTime</include>
				<texture background="true">$INFO[Window(Home).Property(TMDbHelper.Player.Poster.BlurImage)]</texture>
				<animation effect="fade" start="100" end="20" time="0" condition="![String.IsEqual(Visualisation.Name,waveform) | String.Contains(Visualisation.Name,spectrum) | String.IsEmpty(Visualisation.Name)] + !Skin.HasSetting(HideVisualizationFanart)">Conditional</animation>
				<visible>String.IsEqual(Skin.String(Viz.Background),4) + !Control.IsVisible(90400) + !String.IsEqual(Player.Icon,DefaultAlbumCover.png)</visible>
			</control>
		</control>
		<control type="group">
			<visible>String.IsEqual(Skin.String(Viz.Background),1)</visible>
			<visible>[Visualisation.Enabled + !Skin.HasSetting(HideVisualizationFanart)] | !Visualisation.Enabled</visible>
			<include>SettingsFadeAnimation</include>
			<animation effect="fade" start="100" end="20" time="0" condition="![String.IsEqual(Visualisation.Name,waveform) | String.Contains(Visualisation.Name,spectrum) | String.IsEmpty(Visualisation.Name)] + !Skin.HasSetting(HideVisualizationFanart)">Conditional</animation>
			<control type="panel" id="9032">
				<width>100%</width>
				<height>1080</height>
				<viewtype label="$LOCALIZE[536]">icon</viewtype>
				<onleft>9032</onleft>
				<onright>9032</onright>
				<onup>9032</onup>
				<ondown>9032</ondown>
				<pagecontrol>60</pagecontrol>
				<scrolltime tween="cubic" easing="inout">600</scrolltime>
				<preloaditems>2</preloaditems>
				<itemlayout height="192" width="192">
					<control type="image">
						<width>192</width>
						<height>192</height>
						<fadetime>400</fadetime>
						<aspectratio>scale</aspectratio>
						<texture border="2" background="true">$INFO[ListItem.Icon]</texture>
						<bordersize>2</bordersize>
						<bordertexture border="2" infill="false">colors/black.png</bordertexture>
					</control>
				</itemlayout>
				<focusedlayout height="192" width="192">
					<control type="image">
						<width>192</width>
						<height>192</height>
						<fadetime>400</fadetime>
						<aspectratio>scale</aspectratio>
						<texture border="2" background="true">$INFO[ListItem.Icon]</texture>
						<bordersize>2</bordersize>
						<bordertexture border="2" infill="false">colors/black.png</bordertexture>
					</control>
				</focusedlayout>
				<content sortby="random">special://skin/extras/playlists/albumwall.xsp</content>
			</control>
		</control>
		<control type="visualisation" id="2">
			<visible>!Skin.HasSetting(hidevizbehindfanart) + [Player.HasAudio + [String.IsEqual(Visualisation.Name,waveform) | String.Contains(Visualisation.Name,spectrum)]]</visible>
			<include>FullscreenDimensions</include>
		</control>
		<include content="DimBackground">
			<param name="texture">colors/black50.png</param>
			<param name="timeopen">100</param>
			<param name="timeclose">50</param>
			<param name="visible">Window.IsVisible(script-cu-lrclyrics-main.xml) + !String.IsEmpty(Window(Home).Property(culrc.lyrics)) + Skin.HasSetting(Disable.VideoLyrics) + !Skin.HasSetting(HideLyricsBackground)</param>
		</include>
		<control type="fadelabel">
			<width>100%</width>
			<scroll>true</scroll>
			<scrollout>true</scrollout>
			<font>BigAssFont</font>
			<pauseatend>200</pauseatend>
			<label>                      $INFO[Player.Title]</label>
			<label>                      $INFO[MusicPlayer.Artist]</label>
			<label>                      $INFO[MusicPlayer.Album]</label>
			<textcolor>1FFFFFFF</textcolor>
			<textoffsetx>20</textoffsetx>
			<resetonlabelchange>true</resetonlabelchange>
			<visible>Skin.HasSetting(BigAssLabel)</visible>
		</control>
		<control type="fadelabel">
			<width>1080</width>
			<scroll>true</scroll>
			<scrollout>true</scrollout>
			<font>BigAssFont</font>
			<pauseatend>200</pauseatend>
			<label>               $INFO[MusicPlayer.Artist]</label>
			<label>               $INFO[MusicPlayer.Album]</label>
			<label>               $INFO[Player.Title]</label>
			<textcolor>1FFFFFFF</textcolor>
			<textoffsetx>20</textoffsetx>
			<resetonlabelchange>true</resetonlabelchange>
			<visible>Skin.HasSetting(BigAssLabel)</visible>
			<animation effect="rotate" tween="cubic" time="720" center="auto" end="90" condition="true">Conditonal</animation>
		</control>
		<include condition="!String.IsEmpty(Skin.String(SeasonsBackground))">SnowBackground</include>
		<control type="group">
			<animation effect="slide" tween="cubic" time="600" start="0,-1080" end="0,0">WindowOpen</animation>
			<animation effect="slide" tween="cubic" time="600" end="0,-1080" start="0,0">WindowClose</animation>
			<animation effect="slide" end="575" time="300" condition="String.IsEmpty(Skin.String(MusicVizLayout)) + [Skin.HasSetting(HideMusicVizAlbum) | Skin.HasSetting(HideMusicVizCD)] + Skin.HasSetting(SlideMusicLabelsRight)">Conditional</animation>
			<animation effect="slide" end="-575" time="300" condition="String.IsEqual(Skin.String(MusicVizLayout),1) + [Skin.HasSetting(HideMusicVizAlbum) | Skin.HasSetting(HideMusicVizCD)] + Skin.HasSetting(SlideMusicLabelsLeft)">Conditional</animation>
			<visible>Player.ShowInfo + !Skin.HasSetting(Disable.MusicVizTime) + !Window.IsVisible(musicosd)</visible>
			<include>VisibleFadeAnimation</include>
			<control type="image">
				<left>610</left>
				<width>700</width>
				<height>45</height>
				<texture colordiffuse="$VAR[ThemeHomeSystemBarsColor]">submenu.png</texture>
			</control>
			<control type="image">
				<left>520</left>
				<width>90</width>
				<height>45</height>
				<texture colordiffuse="$VAR[ThemeHomeSystemBarsColor]">submenuend.png</texture>
			</control>
			<control type="image">
				<left>1310</left>
				<width>90</width>
				<height>45</height>
				<texture colordiffuse="$VAR[ThemeHomeSystemBarsColor]" flipx="true">submenuend.png</texture>
			</control>
			<control type="grouplist">
				<left>520</left>
				<width>880</width>
				<height>41</height>
				<align>center</align>
				<orientation>horizontal</orientation>
				<usecontrolcoords>true</usecontrolcoords>
				<itemgap>5</itemgap>
				<control type="multiimage">
					<width>45</width>
					<height>45</height>
					<imagepath>$VAR[WeatherIconsPathVar]$INFO[Weather.FanartCode]$VAR[WeatherIconsExtVar]</imagepath>
					<aspectratio>keep</aspectratio>
					<timeperimage>70</timeperimage>
					<fadetime>1</fadetime>
					<randomize>false</randomize>
				</control>
				<control type="label">
					<width>auto</width>
					<height>41</height>
					<label>$INFO[Weather.Temperature,,[COLOR white] | [/COLOR]]</label>
					<font>font13_title</font>
					<textcolor>$VAR[ThemeHomeLabelColor]</textcolor>
					<visible>Weather.IsFetched + !String.IsEmpty(Weather.Plugin)</visible>
					<shadowcolor>shadow</shadowcolor>
				</control>
				<control type="label">
					<width>auto</width>
					<height>41</height>
					<label>$INFO[System.Date,[COLOR white], | [/COLOR]]$INFO[System.Time]</label>
					<font>font13_title</font>
					<textcolor>$VAR[ThemeHomeLabelColor]</textcolor>
					<shadowcolor>shadow</shadowcolor>
				</control>
			</control>
		</control>
		<control type="group">
			<include>WindowOpenCloseAnimation</include>
			<control type="group">
				<top>520</top>
				<include>VisibleFadeAnimation</include>
				<visible>[Player.ShowInfo | Window.IsActive(MusicOSD)] + ![Window.IsVisible(AddonSettings) | Window.IsVisible(SelectDialog) | Window.IsVisible(VisualisationPresetList)]</visible>
				<!-- Test Layout -->
				<control type="group">
					<top>-470</top>
					<visible>String.IsEqual(Skin.String(MusicVizLayout),3)</visible>
					<animation effect="slide" end="0,-32" time="320" tween="quadratic" condition="Skin.HasSetting(Enable.VizInfo) | Skin.HasSetting(Enable.VizPersistent)">Conditional</animation>
					<control type="image">
						<left>-50</left>
						<top>599</top>
						<width>2020</width>
						<height>960</height>
						<texture colordiffuse="B3FFFFFF" border="40">listpanel_back.png</texture>
					</control>
					<control type="image">
						<left>170</left>
						<top>607.5</top>
						<width>445</width>
						<height>445</height>
						<aligny>top</aligny>
						<aspectratio align="left">keep</aspectratio>
						<fadetime>300</fadetime>
						<animation effect="rotate" end="-360" center="auto" time="8333" loop="true" reversible="false" condition="!Player.Paused">Conditional</animation>
						<texture background="true" diffuse="thumbs/boxes/cdart_mask.png">$VAR[PlayerArtworkDiscVar]</texture>
						<bordersize>30</bordersize>
					</control>
					<control type="image">
						<left>-20</left>
						<top>610</top>
						<width>440</width>
						<height>440</height>
						<aspectratio align="center">scale</aspectratio>
						<texture diffuse="thumbs/boxes/cdcover_mask2.png" fallback="DefaultAlbumCover.png">$INFO[Player.Art(thumb)]</texture>
						<bordertexture border="28">thumbs/boxes/cd_shadow2.png</bordertexture>
						<bordersize>28</bordersize>
					</control>
					<control type="group">
						<left>-130</left>
						<top>620</top>
						<height>200</height>
						<control type="label">
							<left>760</left>
							<top>90</top>
							<width>700</width>
							<height>80</height>
							<font>font_musicviz</font>
							<shadowcolor>black</shadowcolor>
							<label>$INFO[MusicPlayer.Artist]</label>
							<scroll>true</scroll>
							<scrollsuffix>  -  </scrollsuffix>
							<visible>[String.IsEmpty(Player.Art(artist.clearlogo)) + String.IsEmpty(Player.Art(clearlogo))] | Skin.HasSetting(Disable.MusicVizLogo)</visible>
							<include>VisibleFadeAnimation</include>
						</control>
						<control type="image">
							<left>-65</left>
							<top>20</top>
							<width>100%</width>
							<height>155</height>
							<aspectratio aligny="bottom" align="center">keep</aspectratio>
							<texture background="true">$VAR[PlayerArtworkLogoVar]</texture>
							<fadetime>300</fadetime>
							<visible>!Skin.HasSetting(Disable.MusicVizLogo)</visible>
						</control>
					</control>
					<control type="grouplist">
						<left>630</left>
						<top>810</top>
						<height>200</height>
						<itemgap>10</itemgap>
						<control type="label">
							<width>750</width>
							<height>40</height>
							<font>font48</font>
							<textcolor>white2</textcolor>
							<shadowcolor>black</shadowcolor>
							<label>$INFO[MusicPlayer.TrackNumber,,. ]$INFO[Player.Title]</label>
						</control>
						<control type="label">
							<width>750</width>
							<height>40</height>
							<font>font15</font>
							<textcolor>white2</textcolor>
							<shadowcolor>black</shadowcolor>
							<label>$INFO[MusicPlayer.Album]$INFO[musicplayer.discnumber, - $LOCALIZE[427]:]</label>
						</control>
						<control type="label">
							<height>50</height>
							<width>750</width>
							<label>[COLOR white2]$INFO[Player.Time][/COLOR]$INFO[Player.Duration, / [COLOR=white2],[/COLOR]]</label>
							<font>font48</font>
							<textcolor>$VAR[ThemeHomeLabelColor]</textcolor>
							<shadowcolor>black</shadowcolor>
						</control>
						<control type="label">
							<width>750</width>
							<height>40</height>
							<font>font15</font>
							<textcolor>$VAR[ThemeHomeLabelColor]</textcolor>
							<shadowcolor>black</shadowcolor>
							<label>$INFO[MusicPlayer.Genre,$LOCALIZE[515]: [COLOR white2],[/COLOR]]</label>
							<visible>!String.IsEmpty(MusicPlayer.Genre)</visible>
						</control>
						<control type="image">
							<width>400</width>
							<height>45</height>
							<colordiffuse>$VAR[ThemeLabelColor]</colordiffuse>
							<texture fallback="flags/rating/empty.png">$INFO[MusicPlayer.UserRating,flags/rating/,.png]</texture>
							<aspectratio align="left" aligny="bottom">keep</aspectratio>
							<visible>!Player.IsInternetStream</visible>
						</control>
					</control>
					<control type="textbox">
						<left>1400</left>
						<top>626</top>
						<width>500</width>
						<height>375</height>
						<font>font15</font>
						<textcolor>$VAR[ThemeHomeLabelColor]</textcolor>
						<shadowcolor>black</shadowcolor>
						<label>$INFO[MusicPlayer.offset(1).TrackNumber,$LOCALIZE[19031]:[CR][COLOR white2],.[/COLOR] ][COLOR white2]$INFO[MusicPlayer.offset(1).Artist,, - ]$INFO[MusicPlayer.offset(1).Title][/COLOR][CR]$INFO[MusicPlayer.offset(2).TrackNumber,[COLOR white2],.[/COLOR] ][COLOR white2]$INFO[MusicPlayer.offset(2).Artist,, - ]$INFO[MusicPlayer.offset(2).Title][/COLOR][CR]$INFO[MusicPlayer.offset(3).TrackNumber,[COLOR white2],.[/COLOR] ][COLOR white2]$INFO[MusicPlayer.offset(3).Artist,, - ]$INFO[MusicPlayer.offset(3).Title][/COLOR][CR]$INFO[MusicPlayer.offset(4).TrackNumber,[COLOR white2],.[/COLOR] ][COLOR white2]$INFO[MusicPlayer.offset(4).Artist,, - ]$INFO[MusicPlayer.offset(4).Title][/COLOR][CR]$INFO[MusicPlayer.offset(5).TrackNumber,[COLOR white2],.[/COLOR] ][COLOR white2]$INFO[MusicPlayer.offset(5).Artist,, - ]$INFO[MusicPlayer.offset(5).Title][/COLOR][CR]$INFO[MusicPlayer.offset(6).TrackNumber,[COLOR white2],.[/COLOR] ][COLOR white2]$INFO[MusicPlayer.offset(6).Artist,, - ]$INFO[MusicPlayer.offset(6).Title][/COLOR][CR]$INFO[MusicPlayer.offset(7).TrackNumber,[COLOR white2],.[/COLOR] ][COLOR white2]$INFO[MusicPlayer.offset(7).Artist,, - ]$INFO[MusicPlayer.offset(7).Title][/COLOR][CR]$INFO[MusicPlayer.offset(8).TrackNumber,[COLOR white2],.[/COLOR] ][COLOR white2]$INFO[MusicPlayer.offset(8).Artist,, - ]$INFO[MusicPlayer.offset(8).Title][/COLOR]</label>
					</control>
				</control>
				<control type="group">
					<visible>!String.IsEqual(Skin.String(MusicVizLayout),3)</visible>
					<control type="image">
						<top>-200</top>
						<width>100%</width>
						<height>760</height>
						<texture border="1">nowplaying_shadow.png</texture>
					</control>
					<control type="group">
						<!-- Right Aligned -->
						<control type="group">
							<visible>String.IsEmpty(Skin.String(MusicVizLayout))</visible>
							<top>150</top>
							<animation effect="slide" end="535,0" time="300" condition="Skin.HasSetting(HideMusicVizAlbum) + Skin.HasSetting(HideMusicVizCD) + Skin.HasSetting(SlideMusicLabelsRight)">Conditional</animation>
							<animation effect="slide" end="235,0" time="300" condition="[Skin.HasSetting(HideMusicVizAlbum) | Skin.HasSetting(HideMusicVizCD)] + Skin.HasSetting(SlideMusicLabelsRight)">Conditional</animation>
							<control type="label">
								<left>30</left>
								<top>-40</top>
								<width>1100</width>
								<height>80</height>
								<font>font_musicviz</font>
								<align>right</align>
								<shadowcolor>black</shadowcolor>
								<label>$INFO[MusicPlayer.Artist]</label>
								<scroll>true</scroll>
								<scrollsuffix>  -  </scrollsuffix>
								<visible>[String.IsEmpty(Player.Art(artist.clearlogo)) + String.IsEmpty(Player.Art(clearlogo))] | Skin.HasSetting(Disable.MusicVizLogo)</visible>
								<include>VisibleFadeAnimation</include>
							</control>
							<control type="image">
								<top>-120</top>
								<width>100%</width>
								<height>155</height>
								<aspectratio aligny="bottom" align="center">keep</aspectratio>
								<texture background="true">$VAR[PlayerArtworkLogoVar]</texture>
								<fadetime>300</fadetime>
								<visible>!Skin.HasSetting(Disable.MusicVizLogo)</visible>
							</control>
							<control type="label">
								<left>30</left>
								<top>70</top>
								<width>1100</width>
								<height>20</height>
								<align>right</align>
								<font>font30</font>
								<label>$INFO[MusicPlayer.TrackNumber,,. ]$INFO[Player.Title,[COLOR white],[/COLOR]]</label>
								<textcolor>$VAR[ThemeLabelColor]</textcolor>
								<shadowcolor>black</shadowcolor>
								<scroll>true</scroll>
							</control>
							<control type="label">
								<left>30</left>
								<top>140</top>
								<width>1100</width>
								<height>20</height>
								<align>right</align>
								<font>font30</font>
								<label>$INFO[MusicPlayer.Album]$INFO[MusicPlayer.DiscNumber, - $LOCALIZE[427]: ,][COLOR $VAR[ThemeLabelColor]]$INFO[MusicPlayer.Year, [,]][/COLOR]</label>
								<shadowcolor>black</shadowcolor>
								<scroll>true</scroll>
								<scrollsuffix>  -  </scrollsuffix>
							</control>
							<control type="label">
								<left>395</left>
								<top>210</top>
								<width>755</width>
								<height>18</height>
								<align>right</align>
								<font>font30</font>
								<label>[COLOR=white]$INFO[Player.Time][/COLOR]$INFO[Player.Duration, / [COLOR=white],[/COLOR] ]</label>
								<textcolor>$VAR[ThemeLabelColor]</textcolor>
								<shadowcolor>black</shadowcolor>
							</control>
							<control type="label">
								<left>30</left>
								<top>250</top>
								<width>1100</width>
								<height>65</height>
								<align>right</align>
								<textcolor>$VAR[ThemeLabelColor]</textcolor>
								<scroll>true</scroll>
								<scrollsuffix>  -  </scrollsuffix>
								<label>$INFO[MusicPlayer.Genre,[COLOR white][LOWERCASE], [/LOWERCASE]· [/COLOR]]$VAR[MusicPlayerCodecVar]$INFO[MusicPlayer.Bitrate,[COLOR white] · , [/COLOR]kbps[COLOR white] ·[/COLOR]]$INFO[MusicPlayer.BitsPerSample,[COLOR white] ,[/COLOR] bit[COLOR white] ·[/COLOR]]$INFO[MusicPlayer.Samplerate,[COLOR white] ,[/COLOR] kHz]</label>
							</control>
							<control type="image">
								<left>745</left>
								<top>315</top>
								<width>400</width>
								<height>45</height>
								<colordiffuse>$VAR[ThemeLabelColor]</colordiffuse>
								<texture fallback="flags/rating/empty.png">$INFO[MusicPlayer.UserRating,flags/rating/,.png]</texture>
								<aspectratio align="right" aligny="bottom">keep</aspectratio>
								<visible>!Player.IsInternetStream</visible>
							</control>
						</control>
						<!-- Left Aligned -->
						<control type="group">
							<visible>String.IsEqual(Skin.String(MusicVizLayout),1)</visible>
							<left>320</left>
							<top>150</top>
							<animation effect="slide" end="-485,0" time="300" condition="Skin.HasSetting(HideMusicVizAlbum) + Skin.HasSetting(HideMusicVizCD) + Skin.HasSetting(SlideMusicLabelsLeft)">Conditional</animation>
							<animation effect="slide" end="-205,0" time="300" condition="[Skin.HasSetting(HideMusicVizAlbum) | Skin.HasSetting(HideMusicVizCD)] + Skin.HasSetting(SlideMusicLabelsLeft)">Conditional</animation>
							<include>VisibleFadeAnimation</include>
							<control type="group">
								<visible>!Skin.HasSetting(Disable.MusicPlayerNextTrack)</visible>
								<control type="label">
									<left>478</left>
									<top>-40</top>
									<width>755</width>
									<height>80</height>
									<font>font_musicviz</font>
									<shadowcolor>black</shadowcolor>
									<label>$INFO[MusicPlayer.Artist]</label>
									<scroll>true</scroll>
									<scrollsuffix>  -  </scrollsuffix>
									<visible>[String.IsEmpty(Player.Art(artist.clearlogo)) + String.IsEmpty(Player.Art(clearlogo))] | Skin.HasSetting(Disable.MusicVizLogo)</visible>
									<include>VisibleFadeAnimation</include>
								</control>
								<control type="label">
									<left>475</left>
									<top>70</top>
									<width>755</width>
									<height>20</height>
									<font>font30</font>
									<label>$INFO[MusicPlayer.TrackNumber,,. ]$INFO[Player.Title,[COLOR white],[/COLOR]]</label>
									<textcolor>$VAR[ThemeLabelColor]</textcolor>
									<shadowcolor>black</shadowcolor>
									<scroll>true</scroll>
								</control>
								<control type="label">
									<left>475</left>
									<top>140</top>
									<width>755</width>
									<height>20</height>
									<font>font30</font>
									<label>$INFO[MusicPlayer.Album]$INFO[MusicPlayer.DiscNumber, - $LOCALIZE[427]: ,][COLOR $VAR[ThemeLabelColor]]$INFO[MusicPlayer.Year, [,]][/COLOR]</label>
									<shadowcolor>black</shadowcolor>
									<scroll>true</scroll>
									<scrollsuffix>  -  </scrollsuffix>
								</control>
								<control type="label">
									<left>475</left>
									<top>250</top>
									<width>780</width>
									<height>65</height>
									<textcolor>$VAR[ThemeLabelColor]</textcolor>
									<scroll>true</scroll>
									<scrollsuffix>  -  </scrollsuffix>
									<label>$INFO[MusicPlayer.Genre,[COLOR white][LOWERCASE], [/LOWERCASE]· [/COLOR]]$VAR[MusicPlayerCodecVar]$INFO[MusicPlayer.Bitrate,[COLOR white] · , [/COLOR]kbps[COLOR white] ·[/COLOR]]$INFO[MusicPlayer.BitsPerSample,[COLOR white] ,[/COLOR] bit[COLOR white] ·[/COLOR]]$INFO[MusicPlayer.Samplerate,[COLOR white] ,[/COLOR] kHz]</label>
								</control>
							</control>
							<control type="group">
								<visible>Skin.HasSetting(Disable.MusicPlayerNextTrack)</visible>
								<control type="label">
									<left>478</left>
									<top>-40</top>
									<width>1100</width>
									<height>80</height>
									<font>font_musicviz</font>
									<shadowcolor>black</shadowcolor>
									<label>$INFO[MusicPlayer.Artist]</label>
									<scroll>true</scroll>
									<scrollsuffix>  -  </scrollsuffix>
									<visible>[String.IsEmpty(Player.Art(artist.clearlogo)) + String.IsEmpty(Player.Art(clearlogo))] | Skin.HasSetting(Disable.MusicVizLogo)</visible>
									<include>VisibleFadeAnimation</include>
								</control>
								<control type="label">
									<left>475</left>
									<top>70</top>
									<width>1100</width>
									<height>20</height>
									<font>font30</font>
									<label>$INFO[MusicPlayer.TrackNumber,,. ]$INFO[Player.Title,[COLOR white],[/COLOR]]</label>
									<textcolor>$VAR[ThemeLabelColor]</textcolor>
									<shadowcolor>black</shadowcolor>
									<scroll>true</scroll>
								</control>
								<control type="label">
									<left>475</left>
									<top>140</top>
									<width>1100</width>
									<height>20</height>
									<font>font30</font>
									<label>$INFO[MusicPlayer.Album]$INFO[MusicPlayer.DiscNumber, - $LOCALIZE[427]: ,][COLOR $VAR[ThemeLabelColor]]$INFO[MusicPlayer.Year, [,]][/COLOR]</label>
									<shadowcolor>black</shadowcolor>
									<scroll>true</scroll>
									<scrollsuffix>  -  </scrollsuffix>
								</control>
								<control type="label">
									<left>475</left>
									<top>250</top>
									<width>1100</width>
									<height>65</height>
									<textcolor>$VAR[ThemeLabelColor]</textcolor>
									<scroll>true</scroll>
									<scrollsuffix>  -  </scrollsuffix>
									<label>$INFO[MusicPlayer.Genre,[COLOR white][LOWERCASE], [/LOWERCASE]· [/COLOR]]$VAR[MusicPlayerCodecVar]$INFO[MusicPlayer.Bitrate,[COLOR white] · , [/COLOR]kbps[COLOR white] ·[/COLOR]]$INFO[MusicPlayer.BitsPerSample,[COLOR white] ,[/COLOR] bit[COLOR white] ·[/COLOR]]$INFO[MusicPlayer.Samplerate,[COLOR white] ,[/COLOR] kHz]</label>
								</control>
							</control>
							<control type="image">
								<left>475</left>
								<top>-120</top>
								<width>740</width>
								<height>155</height>
								<aspectratio aligny="bottom" align="left">keep</aspectratio>
								<texture background="true">$VAR[PlayerArtworkLogoVar]</texture>
								<fadetime>300</fadetime>
								<visible>!Skin.HasSetting(Disable.MusicVizLogo)</visible>
							</control>
							<control type="label">
								<left>475</left>
								<top>210</top>
								<width>740</width>
								<height>18</height>
								<font>font30</font>
								<label>[COLOR=white]$INFO[Player.Time][/COLOR]$INFO[Player.Duration, / [COLOR=white],[/COLOR] ]</label>
								<textcolor>$VAR[ThemeLabelColor]</textcolor>
								<shadowcolor>black</shadowcolor>
							</control>
							<control type="image">
								<left>465</left>
								<top>315</top>
								<width>400</width>
								<height>45</height>
								<colordiffuse>$VAR[ThemeLabelColor]</colordiffuse>
								<texture fallback="flags/rating/empty.png">$INFO[MusicPlayer.UserRating,flags/rating/,.png]</texture>
								<aspectratio align="left" aligny="bottom">keep</aspectratio>
								<visible>!Player.IsInternetStream</visible>
							</control>
						</control>
						<!-- Center Aligned -->
						<control type="group">
							<visible>String.IsEqual(Skin.String(MusicVizLayout),2)</visible>
							<top>150</top>
							<control type="label">
								<top>-40</top>
								<width>100%</width>
								<height>80</height>
								<font>font_musicviz</font>
								<align>center</align>
								<shadowcolor>black</shadowcolor>
								<label>$INFO[MusicPlayer.Artist]</label>
								<scroll>true</scroll>
								<scrollsuffix>  -  </scrollsuffix>
								<visible>String.IsEmpty(Player.Art(artist.clearlogo)) + String.IsEmpty(Player.Art(clearlogo)) | Skin.HasSetting(Disable.MusicVizLogo)</visible>
								<include>VisibleFadeAnimation</include>
							</control>
							<control type="image">
								<top>-120</top>
								<width>100%</width>
								<height>155</height>
								<aspectratio aligny="bottom" align="center">keep</aspectratio>
								<texture background="true">$VAR[PlayerArtworkLogoVar]</texture>
								<fadetime>300</fadetime>
								<visible>!Skin.HasSetting(Disable.MusicVizLogo)</visible>
							</control>
							<control type="label">
								<top>70</top>
								<width>100%</width>
								<height>20</height>
								<align>center</align>
								<font>font30</font>
								<label>$INFO[MusicPlayer.TrackNumber,,. ]$INFO[Player.Title,[COLOR white],[/COLOR]]</label>
								<textcolor>$VAR[ThemeLabelColor]</textcolor>
								<shadowcolor>black</shadowcolor>
								<scroll>true</scroll>
							</control>
							<control type="label">
								<top>140</top>
								<width>100%</width>
								<height>20</height>
								<align>center</align>
								<font>font30</font>
								<label>$INFO[MusicPlayer.Album]$INFO[MusicPlayer.DiscNumber, - $LOCALIZE[427]: ,][COLOR $VAR[ThemeLabelColor]]$INFO[MusicPlayer.Year, [,]][/COLOR]</label>
								<shadowcolor>black</shadowcolor>
								<scroll>true</scroll>
								<scrollsuffix>  -  </scrollsuffix>
							</control>
							<control type="label">
								<top>210</top>
								<width>100%</width>
								<height>18</height>
								<align>center</align>
								<font>font30</font>
								<label>[COLOR=white]$INFO[Player.Time][/COLOR]$INFO[Player.Duration, / [COLOR=white],[/COLOR] ]</label>
								<textcolor>$VAR[ThemeLabelColor]</textcolor>
								<shadowcolor>black</shadowcolor>
							</control>
							<control type="label">
								<top>250</top>
								<width>100%</width>
								<height>65</height>
								<align>center</align>
								<textcolor>$VAR[ThemeLabelColor]</textcolor>
								<scroll>true</scroll>
								<scrollsuffix>  -  </scrollsuffix>
								<label>$INFO[MusicPlayer.Genre,[COLOR white][LOWERCASE], [/LOWERCASE]· [/COLOR]]$VAR[MusicPlayerCodecVar]$INFO[MusicPlayer.Bitrate,[COLOR white] · , [/COLOR]kbps[COLOR white] ·[/COLOR]]$INFO[MusicPlayer.BitsPerSample,[COLOR white] ,[/COLOR] bit[COLOR white] ·[/COLOR]]$INFO[MusicPlayer.Samplerate,[COLOR white] ,[/COLOR] kHz]</label>
							</control>
							<control type="image">
								<left>854</left>
								<top>315</top>
								<width>400</width>
								<height>45</height>
								<colordiffuse>$VAR[ThemeLabelColor]</colordiffuse>
								<texture fallback="flags/rating/empty.png">$INFO[MusicPlayer.UserRating,flags/rating/,.png]</texture>
								<aspectratio align="left" aligny="bottom">keep</aspectratio>
								<visible>!Player.IsInternetStream</visible>
							</control>
						</control>
						<!-- Album + CD -->
						<control type="group">
							<left>1135</left>
							<top>-12</top>
							<visible>!String.IsEqual(Skin.String(MusicVizLayout),2)</visible>
							<animation effect="slide" end="-1090,0" time="0" condition="String.IsEqual(Skin.String(MusicVizLayout),1)">Conditional</animation>
							<animation effect="slide" end="235,0" time="400" condition="String.IsEmpty(Skin.String(MusicVizLayout)) + Skin.HasSetting(HideMusicVizCD) + Skin.HasSetting(SlideMusicLabelsRight)">Conditional</animation>
							<animation effect="slide" end="-235,0" time="400" condition="!Skin.HasSetting(HideMusicVizCD) + Skin.HasSetting(HideMusicVizAlbum) + String.IsEqual(Skin.String(MusicVizLayout),1) + Skin.HasSetting(SlideMusicLabelsLeft)">Conditional</animation>
							<include>VisibleFadeAnimation</include>
							<control type="image">
								<left>220</left>
								<top>3</top>
								<width>545</width>
								<height>545</height>
								<aligny>top</aligny>
								<aspectratio align="left">keep</aspectratio>
								<fadetime>300</fadetime>
								<animation effect="rotate" end="-360" center="auto" time="8333" loop="true" reversible="false" condition="!Player.Paused">Conditional</animation>
								<texture background="true" diffuse="thumbs/boxes/cdart_mask.png">$VAR[PlayerArtworkDiscVar]</texture>
								<bordersize>30</bordersize>
								<visible>!Skin.HasSetting(HideMusicVizCD)</visible>
							</control>
							<control type="group">
								<visible>String.IsEmpty(Player.Art(album.discart)) + String.IsEmpty(Player.Art(discart))</visible>
								<visible>!Skin.HasSetting(HideMusicVizCD) + !Skin.HasSetting(MusicDiscFallback.Vinyl)</visible>
								<control type="label">
									<left>360</left>
									<top>80</top>
									<width>265</width>
									<height>89</height>
									<align>center</align>
									<font>fontCDartist</font>
									<label>$INFO[MusicPlayer.Artist, ,]</label>
									<animation effect="rotate" end="-360" center="495,275" time="8000" loop="true" reversible="false" condition="!Player.Paused">Conditional</animation>
									<textcolor>black</textcolor>
									<wrapmultiline>true</wrapmultiline>
								</control>
								<control type="label">
									<left>350</left>
									<top>370</top>
									<width>280</width>
									<height>99</height>
									<align>center</align>
									<font>fontCDalbum</font>
									<label>$INFO[MusicPlayer.Album, ,]</label>
									<animation effect="rotate" end="-360" center="495,275" time="8000" loop="true" reversible="false" condition="!Player.Paused">Conditional</animation>
									<textcolor>black</textcolor>
									<wrapmultiline>true</wrapmultiline>
								</control>
							</control>
							<control type="image">
								<width>550</width>
								<height>550</height>
								<aspectratio align="right">scale</aspectratio>
								<texture diffuse="thumbs/boxes/cdcover_mask2.png" fallback="DefaultAlbumCover.png">$INFO[Player.Art(thumb)]</texture>
								<bordertexture border="28">thumbs/boxes/cd_shadow2.png</bordertexture>
								<bordersize>28</bordersize>
								<visible>!Skin.HasSetting(HideMusicVizAlbum)</visible>
							</control>
						</control>
						<control type="group">
							<visible>String.IsEqual(Skin.String(MusicVizLayout),1) + MusicPlayer.Offset(1).Exists + !Skin.HasSetting(Disable.MusicPlayerNextTrack)</visible>
							<left>1640</left>
							<top>-133</top>
							<animation effect="rotate" end="-2" center="auto" condition="true">Conditional</animation>
							<animation effect="rotatey" end="45" center="auto" condition="true">Conditional</animation>
							<include>VisibleFadeAnimation</include>
							<control type="group">
								<control type="image">
									<top>78</top>
									<left>120</left>
									<width>234</width>
									<height>480</height>
									<texture>colors/black.png</texture>
								</control>
								<control type="image">
									<top>110</top>
									<left>120</left>
									<width>232</width>
									<height>271</height>
									<texture background="true">$INFO[MusicPlayer.offset(1).Cover]</texture>
								</control>
								<control type="image">
									<top>55</top>
									<left>54</left>
									<width>410</width>
									<height>630</height>
									<texture background="true">music_player_new.png</texture>
								</control>
								<control type="label">
									<left>135</left>
									<top>380</top>
									<width>200</width>
									<height>36</height>
									<align>center</align>
									<aligny>top</aligny>
									<font>font11</font>
									<scroll>true</scroll>
									<textcolor>$VAR[ThemeLabelColor]</textcolor>
									<label>$LOCALIZE[19031][COLOR white]:[/COLOR]</label>
								</control>
								<control type="label">
									<left>135</left>
									<top>410</top>
									<width>200</width>
									<height>36</height>
									<align>center</align>
									<aligny>top</aligny>
									<font>font11</font>
									<scroll>true</scroll>
									<label>$INFO[MusicPlayer.offset(1).Artist]</label>
								</control>
								<control type="label">
									<left>135</left>
									<top>440</top>
									<width>200</width>
									<height>36</height>
									<align>center</align>
									<aligny>top</aligny>
									<font>font11</font>
									<scroll>true</scroll>
									<label>[COLOR $VAR[ThemeLabelColor]]$INFO[MusicPlayer.offset(1).TrackNumber,,. ][/COLOR]$INFO[MusicPlayer.offset(1).Title]</label>
								</control>
							</control>
						</control>
					</control>
				</control>
			</control>
			<!-- RSS Feed: similar artists-->
			<control type="group">
				<visible>System.AddonIsEnabled(script.artistslideshow) + [!String.IsEmpty(Window(Visualisation).Property(ArtistSlideshow.ArtistBiography)) | !String.IsEmpty(Window(Visualisation).Property(ArtistSlideshow.1.AlbumName)) | !String.IsEmpty(Window(Visualisation).Property(ArtistSlideshow.1.SimilarName))]</visible>
				<visible>Skin.HasSetting(Enable.VizInfo) + [Player.ShowInfo | Window.IsActive(MusicOSD)] | Skin.HasSetting(Enable.VizPersistent)</visible>
				<include>VisibleFadeAnimation</include>
				<top>993</top>
				<control type="image">
					<top>45</top>
					<width>100%</width>
					<height>45</height>
					<texture flipy="true" colordiffuse="$VAR[ThemeHomeSystemBarsColor]">submenu.png</texture>
				</control>
				<control type="group">
					<control type="label">
						<right>10</right>
						<top>44</top>
						<width>40</width>
						<height>40</height>
						<label></label>
						<font>IconSmallMD</font>
					</control>
					<control type="fadelabel">
						<right>70</right>
						<top>44</top>
						<height>30</height>
						<width>1840</width>
						<textcolor>$VAR[ThemeLabelColor]</textcolor>
						<shadowcolor>shadow</shadowcolor>
						<label>$INFO[Window(Visualisation).Property(ArtistSlideshow.ArtistBiography),$LOCALIZE[21887]: [COLOR grey],[/COLOR]]</label>
						<label>$INFO[MusicPlayer.Artist,$LOCALIZE[31105] ,: ]$INFO[Window(Visualisation).Property(ArtistSlideshow.1.AlbumName),[COLOR grey],[/COLOR]]$INFO[Window(Visualisation).Property(ArtistSlideshow.2.AlbumName), • [COLOR grey],[/COLOR]]$INFO[Window(Visualisation).Property(ArtistSlideshow.3.AlbumName), • [COLOR grey],[/COLOR]]$INFO[Window(Visualisation).Property(ArtistSlideshow.4.AlbumName), • [COLOR grey],[/COLOR]]$INFO[Window(Visualisation).Property(ArtistSlideshow.5.AlbumName), • [COLOR grey],[/COLOR]]$INFO[Window(Visualisation).Property(ArtistSlideshow.6.AlbumName), • [COLOR grey],[/COLOR]]$INFO[Window(Visualisation).Property(ArtistSlideshow.7.AlbumName), • [COLOR grey],[/COLOR]]$INFO[Window(Visualisation).Property(ArtistSlideshow.8.AlbumName), • [COLOR grey],[/COLOR]]$INFO[Window(Visualisation).Property(ArtistSlideshow.9.AlbumName), • [COLOR grey],[/COLOR]]$INFO[Window(Visualisation).Property(ArtistSlideshow.10.AlbumName), • [COLOR grey],[/COLOR]]</label>
						<label>$INFO[Window(Visualisation).Property(ArtistSlideshow.1.SimilarName),$LOCALIZE[31104]: [COLOR grey],[/COLOR]]$INFO[Window(Visualisation).Property(ArtistSlideshow.2.SimilarName), • [COLOR grey],[/COLOR]]$INFO[Window(Visualisation).Property(ArtistSlideshow.3.SimilarName), • [COLOR grey],[/COLOR]]$INFO[Window(Visualisation).Property(ArtistSlideshow.4.SimilarName), • [COLOR grey],[/COLOR]]$INFO[Window(Visualisation).Property(ArtistSlideshow.5.SimilarName), •	[COLOR grey],[/COLOR]]$INFO[Window(Visualisation).Property(ArtistSlideshow.6.SimilarName), • [COLOR grey],[/COLOR]]$INFO[Window(Visualisation).Property(ArtistSlideshow.7.SimilarName), • [COLOR grey],[/COLOR]]$INFO[Window(Visualisation).Property(ArtistSlideshow.8.SimilarName), • [COLOR grey],[/COLOR]]$INFO[Window(Visualisation).Property(ArtistSlideshow.9.SimilarName), • [COLOR grey],[/COLOR]]$INFO[Window(Visualisation).Property(ArtistSlideshow.10.SimilarName), • [COLOR grey],[/COLOR]]</label>
						<scrollspeed>60</scrollspeed>
					</control>
				</control>
			</control>
		</control>
		<include content="DebugWindow">
			<param name="visible">!System.HasVisibleModalDialog</param>
		</include>
	</controls>
</window>