<?xml version="1.0" encoding="UTF-8"?>
<timers>
	<timer>
		<name>autoclosevideoosd</name>
		<start reset="true">Window.IsActive(videoosd) + !System.IdleTime(1) + !String.IsEmpty(Skin.String(AutoCloseVideoOSD))</start>
		<reset>!System.IdleTime(1) + Window.IsActive(videoosd) + Integer.IsGreaterOrEqual(Skin.TimerElapsedSecs(AutoCloseVideoOSD), 1)</reset>
		<stop>!Window.IsActive(videoosd) | String.IsEmpty(Skin.String(AutoCloseVideoOSD)) | Window.IsActive(videoosd) + !String.IsEmpty(Skin.String(AutoCloseVideoOSD)) + Integer.IsGreaterOrEqual(Skin.TimerElapsedSecs(AutoCloseVideoOSD),Skin.Numeric(AutoCloseVideoOSD))</stop>
		<onstop condition="![Window.IsVisible(DialogSettings.xml) | Window.IsVisible(SubtitleSearch) | Window.IsVisible(VideoBookmarks) | Window.IsVisible(1114) | Window.IsVisible(FileBrowser) | Window.IsVisible(addonsettings) | Window.IsVisible(selectdialog)]">Dialog.Close(videoosd)</onstop>
	</timer>
	<timer>
		<name>autoclosemusicosd</name>
		<start reset="true">Window.IsActive(musicosd) + !System.IdleTime(1) + !String.IsEmpty(Skin.String(AutoCloseMusicOSD))</start>
		<reset>!System.IdleTime(1) + Window.IsActive(musicosd) + !String.IsEmpty(Skin.String(AutoCloseMusicOSD)) + Integer.IsGreaterOrEqual(Skin.TimerElapsedSecs(AutoCloseMusicOSD), 1)</reset>
		<stop>!Window.IsActive(musicosd) | String.IsEmpty(Skin.String(AutoCloseMusicOSD)) | [Window.IsActive(musicosd) + !String.IsEmpty(Skin.String(AutoCloseMusicOSD)) + Integer.IsGreaterOrEqual(Skin.TimerElapsedSecs(AutoCloseMusicOSD),Skin.Numeric(AutoCloseMusicOSD))]</stop>
		<onstop condition="![Window.IsVisible(DialogSettings.xml) | Window.IsVisible(1114) | Window.IsVisible(FileBrowser) | Window.IsVisible(addonsettings) | Window.IsVisible(selectdialog)]">Dialog.Close(musicosd)</onstop>
	</timer>
	<timer>
		<name>takescreenshot</name>
		<stop>Integer.IsGreaterOrEqual(Skin.TimerElapsedSecs(takescreenshot),3)</stop>
		<onstop>TakeScreenshot</onstop>
	</timer>
	<timer>
		<name>resetscreenshot</name>
		<stop>Integer.IsGreaterOrEqual(Skin.TimerElapsedSecs(resetscreenshot),4)</stop>
		<onstop>ClearProperty(Enable.ScreenshotMode,Home)</onstop>
	</timer>
	<timer>
		<name>askdefaultbackground</name>
		<stop>Integer.IsGreaterOrEqual(Skin.TimerElapsedSecs(askdefaultbackground),3)</stop>
		<onstop>ActivateWindow(1126)</onstop>
	</timer>
	<timer>
		<name>autoclosecustomtrailer</name>
		<start reset="true">Window.IsVisible(1103) + Player.HasVideo</start>
		<reset>Player.HasVideo</reset>
		<stop>!Player.HasVideo | Window.IsVisible(okdialog)</stop>
		<onstop>Dialog.Close(1103)</onstop>
	</timer>
	<timer>
		<name>autoclosenotrailer</name>
		<start reset="true">Window.IsVisible(1103)</start>
		<reset>Player.HasVideo</reset>
		<stop>Window.IsVisible(okdialog)</stop>
		<onstop>Dialog.Close(1103)</onstop>
	</timer>
	<timer>
		<name>startbusyspinner</name>
		<stop>Window.IsVisible(1107) + !Container(90100).IsUpdating + Integer.IsGreaterOrEqual(Skin.TimerElapsedSecs(startbusyspinner),1) | !Window.IsVisible(1107)</stop>
	</timer>
	<timer>
		<name>selectactor</name>
		<start>Window.IsVisible(1107) + Skin.TimerIsRunning(startbusyspinner)</start>
		<stop>Integer.IsEqual(Container(90100).NumItems,1) | Integer.IsGreater(Container(90100).NumItems,1) | !Window.IsVisible(1107)</stop>
		<onstop condition="Integer.IsEqual(Container(90100).NumItems,1)">Action(Select)</onstop>
	</timer>
	<timer>
		<name>resetfocus1102</name>
		<stop>Window.IsVisible(1102) + Integer.IsGreaterOrEqual(Skin.TimerElapsedSecs(resetfocus1102),1)</stop>
		<onstop>SetFocus(4701)</onstop>
		<onstop>SetFocus(4610)</onstop>
	</timer>
</timers>