<?xml version="1.0" encoding="UTF-8"?>
<includes>
	<!-- Video RightList -->
	<include name="Video_RightList">
		<control type="group">
			<visible>Control.IsVisible(506) + !Window.IsActive(addoninformation)</visible>
			<include>ViewAnimation</include>
			<control type="image">
				<left>32</left>
				<top>50</top>
				<width>400</width>
				<height>155</height>
				<aspectratio aligny="bottom">keep</aspectratio>
				<texture background="true">$VAR[ArtworkLogoVar]</texture>
				<visible>[Skin.HasSetting(rightlistlogomovie) + [Container.Content(movies) | Container.Content(sets)]] | [Skin.HasSetting(rightlistlogotv) + [Container.Content(tvshows) | Container.Content(seasons) | Container.Content(episodes)]]</visible>
			</control>
			<control type="group">
				<left>5</left>
				<top>376</top>
				<visible>[!Skin.HasSetting(Enable.Rightlist.HidePoster.Movies) + Container.Content(movies)] | [!Skin.HasSetting(Enable.Rightlist.HidePoster.Sets) + Container.Content(sets)] | [!Skin.HasSetting(Enable.Rightlist.HidePoster.tvshows) + Container.Content(tvshows)] | [!Skin.HasSetting(Enable.Rightlist.HidePoster.seasons) + Container.Content(seasons)] | [!Skin.HasSetting(Enable.Rightlist.HidePoster.episodes) + Container.Content(episodes)]</visible>
				<control type="group">
					<top>-170</top>
					<left>40</left>
					<width>370</width>
					<height>370</height>
					<visible>[Container.Content(movies) | Container.Content(sets)] + Skin.HasSetting(discrightlist)</visible>
					<animation effect="slide" end="0,30" time="0" tween="cubic" easing="inout" condition="!Skin.HasSetting(rightlistcovers) + Skin.HasSetting(discrightlist)">Conditional</animation>
					<include>SlideLeftSpinningDiscAnimation</include>
					<control type="image">
						<aspectratio align="right">keep</aspectratio>
						<texture background="true">$INFO[ListItem.Art(discart)]</texture>
						<fadetime>IconCrossfadeTime</fadetime>
						<visible>!String.IsEmpty(ListItem.Art(discart))</visible>
					</control>
					<control type="image">
						<aspectratio align="right">keep</aspectratio>
						<texture background="true">$INFO[Container(4500).ListItem(0).Art(discart)]</texture>
						<fadetime>IconCrossfadeTime</fadetime>
						<visible>ListItem.IsCollection + String.IsEmpty(ListItem.Art(discart))</visible>
					</control>
				</control>
				<control type="image">
					<left>20</left>
					<top>20</top>
					<width>410</width>
					<height>595</height>
					<aspectratio aligny="bottom">stretch</aspectratio>
					<fadetime>IconCrossfadeTime</fadetime>
					<texture background="true">$VAR[FocusedPosterThumbVar]</texture>
					<bordertexture border="20">thumbs/thumb_shadow.png</bordertexture>
					<bordersize>20</bordersize>
				</control>
				<control type="image">
					<left>-30</left>
					<top>-12</top>
					<width>470</width>
					<height>640</height>
					<fadetime>IconCrossfadeTime</fadetime>
					<texture background="true">$VAR[CaseTypePathVar]$VAR[GlobalCaseVar]</texture>
					<visible>Skin.HasSetting(rightlistcovers) + !ListItem.IsParentFolder</visible>
				</control>
			</control>
			<control type="group">
				<animation effect="slide" end="-430,0" time="0" tween="cubic" easing="inout" condition="[Skin.HasSetting(Enable.Rightlist.HidePoster.movies) + Container.Content(movies)] | [Skin.HasSetting(Enable.Rightlist.HidePoster.sets) + Container.Content(sets)] | [Skin.HasSetting(Enable.Rightlist.HidePoster.tvshows) + Container.Content(tvshows)] | [Skin.HasSetting(Enable.Rightlist.HidePoster.seasons) + Container.Content(seasons)] | [Skin.HasSetting(Enable.Rightlist.HidePoster.episodes) + Container.Content(episodes)]">Conditional</animation>
				<visible>Skin.HasSetting(inforightlist) + !Skin.HasSetting(Enable.RightListInfoPopup)</visible>
				<control type="group">
					<left>434</left>
					<top>515</top>
					<width>650</width>
					<height>270</height>
					<include>VisibleFadeAnimation</include>
					<control type="image">
						<left>17</left>
						<top>-35</top>
						<width>65</width>
						<height>30</height>
						<texture>logos/imdb.png</texture>
						<visible>!String.IsEmpty(ListItem.Top250)</visible>
					</control>
					<control type="Label">
						<left>90</left>
						<top>-42</top>
						<width>125</width>
						<height>35</height>
						<label>[B]$INFO[ListItem.Top250,#][/B]</label>
						<font>font14</font>
						<shadowcolor>shadow</shadowcolor>
						<textcolor>goldenrod</textcolor>
						<visible>!String.IsEmpty(ListItem.Top250)</visible>
					</control>
					<control type="grouplist">
						<visible>[Container.Content(movies) + !ListItem.IsCollection]</visible>
						<height>180</height>
						<control type="label">
							<width>570</width>
							<height>60</height>
							<label>[COLOR $VAR[ThemeLabelColor]]$LOCALIZE[20339]:[/COLOR] $INFO[ListItem.Director]</label>
							<include>DefaultButtonsValues</include>
							<visible>!String.IsEmpty(ListItem.Director)</visible>
						</control>
						<control type="label">
							<width>570</width>
							<height>60</height>
							<label>[COLOR $VAR[ThemeLabelColor]]$LOCALIZE[20417]:[/COLOR] $INFO[ListItem.Writer]</label>
							<include>DefaultButtonsValues</include>
							<visible>!String.IsEmpty(ListItem.Writer)</visible>
						</control>
						<control type="label">
							<width>570</width>
							<height>60</height>
							<include>DefaultButtonsValues</include>
							<label>[COLOR $VAR[ThemeLabelColor]]$LOCALIZE[515]:[/COLOR] $INFO[ListItem.Genre]</label>
							<visible>!String.IsEmpty(ListItem.Genre)</visible>
						</control>
					</control>
					<control type="grouplist">
						<visible>ListItem.IsCollection</visible>
						<height>180</height>
						<!-- <control type="label">
							<label>[COLOR $VAR[ThemeLabelColor]]$LOCALIZE[342]:[/COLOR] $INFO[Container(4500).NumItems]</label>
							<width>570</width>
							<height>55</height>
							<include>DefaultButtonsValues</include>
							<visible>!String.IsEqual(Container(4500).NumItems,0) + Skin.HasSetting(Disable.RightList.Mediaflags)</visible>
						</control> -->
						<control type="label">
							<width>570</width>
							<height>60</height>
							<label>[COLOR $VAR[ThemeLabelColor]]$LOCALIZE[20348]:[/COLOR] $INFO[Container(4501).ListItem.Property(director.collection)]</label>
							<include>DefaultButtonsValues</include>
							<visible>!String.IsEmpty(Container(4501).ListItem.Property(director.collection))</visible>
						</control>
						<control type="label">
							<width>570</width>
							<height>60</height>
							<label>[COLOR $VAR[ThemeLabelColor]]$LOCALIZE[20418]:[/COLOR] $INFO[Container(4501).ListItem.Property(writer.collection)]</label>
							<include>DefaultButtonsValues</include>
							<visible>!String.IsEmpty(Container(4501).ListItem.Property(writer.collection))</visible>
						</control>
						<control type="label">
							<width>570</width>
							<height>60</height>
							<label>[COLOR $VAR[ThemeLabelColor]]$LOCALIZE[515]:[/COLOR] $VAR[VideoGenreVar]</label>
							<include>DefaultButtonsValues</include>
						</control>
					</control>
					<control type="group">
						<visible>Container.Content(tvshows) | Container.Content(seasons)</visible>
						<control type="label">
							<top>110</top>
							<width>570</width>
							<height>55</height>
							<label>$VAR[TMDbHelperNextAiredLabelVar]</label>
							<include>DefaultButtonsValues</include>
							<visible>!Skin.HasSetting(Disable.NextAired)</visible>
						</control>
					</control>
					<control type="group">
						<visible>Container.Content(episodes)</visible>
						<control type="label">
							<width>570</width>
							<height>55</height>
							<label>[COLOR $VAR[ThemeLabelColor]]$LOCALIZE[20339]:[/COLOR] $INFO[ListItem.Director]</label>
							<include>DefaultButtonsValues</include>
							<visible>!String.IsEmpty(ListItem.Director)</visible>
						</control>
						<control type="label">
							<width>570</width>
							<height>55</height>
							<label>[COLOR $VAR[ThemeLabelColor]]$LOCALIZE[20417]:[/COLOR] $INFO[ListItem.Writer]</label>
							<include>DefaultButtonsValues</include>
							<visible>!String.IsEmpty(ListItem.Writer) + String.IsEmpty(ListItem.Director)</visible>
						</control>
						<control type="label">
							<top>55</top>
							<width>570</width>
							<height>55</height>
							<label>[COLOR $VAR[ThemeLabelColor]]$LOCALIZE[20416]:[/COLOR] $INFO[ListItem.Premiered]</label>
							<include>DefaultButtonsValues</include>
							<visible>!String.IsEmpty(ListItem.Premiered)</visible>
						</control>
						<control type="label">
							<top>110</top>
							<width>570</width>
							<height>55</height>
							<label>[COLOR $VAR[ThemeLabelColor]]$LOCALIZE[2050]:[/COLOR] $INFO[ListItem.Duration(mins),, $LOCALIZE[12391]]</label>
							<include>DefaultButtonsValues</include>
							<visible>!String.IsEmpty(ListItem.Duration)</visible>
						</control>
					</control>
				</control>
				<control type="group">
					<left>435</left>
					<top>600</top>
					<control type="textbox" id="70">
						<label>[COLOR $VAR[ThemeLabelColor]]$INFO[ListItem.Tagline,,[CR]][/COLOR]$VAR[VideoPlotVar]</label>
						<left>15</left>
						<top>90</top>
						<width>570</width>
						<height>250</height>
						<textcolor>white</textcolor>
						<font>font14_textbox</font>
						<pagecontrol>50664</pagecontrol>
						<autoscroll time="3000" delay="4000" repeat="5000">Skin.HasSetting(Enable.AutoScroll) + !Control.HasFocus(50664)</autoscroll>
					</control>
					<control type="scrollbar" id="50664">
						<left>592</left>
						<top>100</top>
						<width>12</width>
						<height>270</height>
						<onup>PageUp(70)</onup>
						<ondown>PageUp(70)</ondown>
						<onleft>SetProperty(MediaMenu,True,Home)</onleft>
						<onleft>SetFocus(9050)</onleft>
						<onright>506</onright>
						<texturesliderbackground colordiffuse="1AFFFFFF">colors/white50.png</texturesliderbackground>
						<texturesliderbar colordiffuse="1AFFFFFF">colors/white.png</texturesliderbar>
						<texturesliderbarfocus colordiffuse="$VAR[ThemeLabelColor]">colors/white.png</texturesliderbarfocus>
						<showonepage>false</showonepage>
					</control>
				</control>
			</control>
			<control type="group">
				<include condition="!Skin.HasSetting(RightListFixedList)">listrightlist</include>
				<include condition="Skin.HasSetting(RightListFixedList)">fixedlistrightlist</include>
				<control type="scrollbar" id="50660">
					<left>1904</left>
					<top>74</top>
					<width>16</width>
					<height>909</height>
					<onup>50660</onup>
					<ondown>50660</ondown>
					<onleft>506</onleft>
					<onright condition="Control.IsVisible(615) + Integer.IsGreaterOrEqual(Container(506).NumPages,5)">615</onright>
					<onright condition="!Integer.IsGreaterOrEqual(Container(506).NumPages,5) | Integer.IsGreaterOrEqual(Container(506).NumPages,5) + !Control.IsVisible(615)">4400</onright>
					<texturesliderbackground colordiffuse="1AFFFFFF">colors/white50.png</texturesliderbackground>
					<texturesliderbar colordiffuse="1AFFFFFF">colors/white.png</texturesliderbar>
					<texturesliderbarfocus colordiffuse="$VAR[ThemeLabelColor]">colors/white.png</texturesliderbarfocus>
					<showonepage>false</showonepage>
				</control>
			</control>
		</control>
	</include>
	<!-- Music RightList -->
	<include name="Music_RightList">
		<control type="group">
			<visible>Control.IsVisible(506) + !Window.IsActive(addoninformation)</visible>
			<include>ViewAnimation</include>
			<control type="image">
				<left>35</left>
				<top>80</top>
				<width>400</width>
				<height>155</height>
				<aspectratio aligny="bottom">keep</aspectratio>
				<texture background="true">$VAR[ArtworkLogoVar]</texture>
				<include>VisibleFadeAnimation</include>
				<visible>Skin.HasSetting(rightlistlogoartist)</visible>
			</control>
			<control type="group">
				<visible>[!Skin.HasSetting(Disable.RightlistAlbum) + [Container.Content(albums) | Container.Content(songs)]] | [!Skin.HasSetting(Disable.RightlistThumb) + Container.Content(artists)] | Container.Content(files)</visible>
				<control type="group">
					<left>35</left>
					<top>420</top>
					<control type="image">
						<width>400</width>
						<height>400</height>
						<aspectratio align="right">keep</aspectratio>
						<texture background="true" diffuse="thumbs/boxes/cdart_mask.png">$VAR[ArtworkDiscVar]</texture>
						<fadetime>IconCrossfadeTime</fadetime>
						<include>SlideLeftSpinningDiscAnimation</include>
						<visible>Skin.HasSetting(Enable.RightlistCDArt)</visible>
						<visible>!String.IsEmpty(ListItem.Art(album.discart)) | !String.IsEmpty(ListItem.Art(discart))</visible>
					</control>
					<control type="image">
						<top>180</top>
						<left>-29</left>
						<width>460</width>
						<height>460</height>
						<texture background="true">$INFO[ListItem.Icon]</texture>
						<fadetime>IconCrossfadeTime</fadetime>
						<bordertexture border="20">thumbs/thumb_shadow.png</bordertexture>
						<bordersize>20</bordersize>
					</control>
				</control>
			</control>
			<control type="image">
				<left>6</left>
				<top>600</top>
				<width>460</width>
				<height>460</height>
				<texture background="true" fallback="special://skin/extras/musicgenres/Default.jpg">$VAR[MusicGenreIconsPathVar]$INFO[ListItem.Label,,.jpg]</texture>
				<fadetime>IconCrossfadeTime</fadetime>
				<bordertexture border="20">thumbs/thumb_shadow.png</bordertexture>
				<bordersize>20</bordersize>
				<visible>Window.IsActive(music) + Container.Content(genres)</visible>
			</control>
			<control type="group">
				<visible>Skin.HasSetting(Enable.RightListMusicInfo)</visible>
				<animation effect="slide" end="-430,0" time="0" tween="cubic" easing="inout" condition="Skin.HasSetting(Disable.RightlistAlbum)">Conditional</animation>
				<control type="grouplist">
					<left>454</left>
					<top>610</top>
					<width>570</width>
					<height>270</height>
					<usecontrolcoords>true</usecontrolcoords>
					<animation effect="slide" end="0,255" time="0" tween="cubic" easing="inout" condition="Container.Content(songs)">Conditional</animation>
					<control type="label">
						<label>[COLOR $VAR[ThemeLabelColor]]$LOCALIZE[557]:[/COLOR][CR]$INFO[ListItem.Artist]</label>
						<width>570</width>
						<include>DefaultButtonsValues</include>
						<visible>!String.IsEmpty(ListItem.Artist) + !Container.Content(songs)</visible>
					</control>
					<control type="label">
						<label>[COLOR $VAR[ThemeLabelColor]]$LOCALIZE[558]:[/COLOR][CR]$INFO[ListItem.Album]</label>
						<width>570</width>
						<include>DefaultButtonsValues</include>
						<visible>!String.IsEmpty(ListItem.Album) + Container.Content(songs)</visible>
					</control>
					<control type="label">
						<label>[COLOR $VAR[ThemeLabelColor]]$LOCALIZE[515]:[/COLOR][CR]$INFO[ListItem.Genre]</label>
						<width>570</width>
						<include>DefaultButtonsValues</include>
						<visible>!String.IsEmpty(ListItem.Genre) + !Container.Content(artists)</visible>
					</control>
					<control type="label">
						<label>[COLOR $VAR[ThemeLabelColor]]$LOCALIZE[21894]:[/COLOR][CR]$INFO[ListItem.Property(Artist_Formed)]</label>
						<width>570</width>
						<include>DefaultButtonsValues</include>
						<visible>!String.IsEmpty(ListItem.Property(Artist_Formed)) + String.IsEmpty(ListItem.Property(Artist_Genre)) + String.IsEmpty(ListItem.Property(Artist_Born))</visible>
					</control>
					<control type="label">
						<label>[COLOR $VAR[ThemeLabelColor]]$LOCALIZE[21893]:[/COLOR][CR]$INFO[ListItem.Property(Artist_Born)]</label>
						<width>570</width>
						<include>DefaultButtonsValues</include>
						<visible>!String.IsEmpty(ListItem.Property(Artist_Born)) + String.IsEmpty(ListItem.Property(Artist_Genre))</visible>
					</control>
					<control type="label">
						<label>[COLOR $VAR[ThemeLabelColor]]$LOCALIZE[515]:[/COLOR][CR]$INFO[ListItem.Property(Artist_Genre)]</label>
						<width>570</width>
						<include>DefaultButtonsValues</include>
						<visible>!String.IsEmpty(ListItem.Property(Artist_Genre))</visible>
					</control>
					<control type="textbox">
						<label>[COLOR $VAR[ThemeLabelColor]]$LOCALIZE[569]:[/COLOR][CR]$INFO[ListItem.Comment]</label>
						<left>15</left>
						<width>570</width>
						<height>180</height>
						<font>font14_textbox</font>
						<pagecontrol>62</pagecontrol>
						<include>DefaultButtonsValues</include>
						<autoscroll time="3000" delay="4000" repeat="5000">Skin.HasSetting(Enable.AutoScroll) + !Control.HasFocus(62)</autoscroll>
						<visible>!String.IsEmpty(ListItem.Comment)</visible>
					</control>
				</control>
				<control type="group">
					<left>454</left>
					<top>795</top>
					<control type="textbox" id="70">
						<label>$VAR[OtherPlotVar]</label>
						<left>15</left>
						<width>570</width>
						<height>255</height>
						<font>font14_textbox</font>
						<pagecontrol>50663</pagecontrol>
						<include>DefaultButtonsValues</include>
						<autoscroll time="3000" delay="4000" repeat="5000">Skin.HasSetting(Enable.AutoScroll) + !Control.HasFocus(50663)</autoscroll>
					</control>
					<control type="scrollbar" id="50663">
						<left>587</left>
						<width>14</width>
						<height>245</height>
						<onup>PageUp(70)</onup>
						<ondown>PageUp(70)</ondown>
						<onleft>SetProperty(MediaMenu,True,Home)</onleft>
						<onleft>SetFocus(9050)</onleft>
						<onright>506</onright>
						<texturesliderbackground colordiffuse="1AFFFFFF">colors/white50.png</texturesliderbackground>
						<texturesliderbar colordiffuse="1AFFFFFF">colors/white.png</texturesliderbar>
						<texturesliderbarfocus colordiffuse="$VAR[ThemeLabelColor]">colors/white.png</texturesliderbarfocus>
						<showonepage>false</showonepage>
					</control>
				</control>
			</control>
			<control type="list" id="506">
				<left>1030</left>
				<top>60</top>
				<width>1200</width>
				<height>990</height>
				<onleft condition="Control.IsVisible(50663)">50663</onleft>
				<onleft condition="!Control.IsVisible(50663)">SetProperty(MediaMenu,True,Home)</onleft>
				<onleft condition="!Control.IsVisible(50663)">SetFocus(9050)</onleft>
				<onright condition="Control.IsVisible(50660)">50660</onright>
				<onright condition="!Control.IsVisible(50660)">4400</onright>
				<onup>506</onup>
				<ondown>506</ondown>
				<pagecontrol>50660</pagecontrol>
				<viewtype label="$LOCALIZE[31239]">list</viewtype>
				<scrolltime tween="quadratic" easing="out">200</scrolltime>
				<itemlayout height="90" width="806">
					<include content="RightListItemLayout">
						<param name="width">810</param>
					</include>
				</itemlayout>
				<focusedlayout height="90" width="806" condition="[Container.Content(genres) | Container.Content(artists) | Container.Content(albums) | Container.Content(files)]">
					<include content="RightListItemLayout">
						<param name="width">810</param>
						<param name="labelColor">$VAR[ThemeLabelColor]</param>
					</include>
				</focusedlayout>
			</control>
			<control type="scrollbar" id="50660">
				<left>1904</left>
				<top>60</top>
				<width>16</width>
				<height>990</height>
				<onup>50660</onup>
				<ondown>50660</ondown>
				<onleft>506</onleft>
				<onright condition="Control.IsVisible(615) + Integer.IsGreaterOrEqual(Container(506).NumPages,5)">615</onright>
				<onright condition="!Integer.IsGreaterOrEqual(Container(506).NumPages,5) | Integer.IsGreaterOrEqual(Container(506).NumPages,5) + !Control.IsVisible(615)">4400</onright>
				<texturesliderbackground colordiffuse="1AFFFFFF">colors/white50.png</texturesliderbackground>
				<texturesliderbar colordiffuse="1AFFFFFF">colors/white.png</texturesliderbar>
				<texturesliderbarfocus colordiffuse="$VAR[ThemeLabelColor]">colors/white.png</texturesliderbarfocus>
				<showonepage>false</showonepage>
			</control>
		</control>
	</include>
	<include name="fixedlistrightlist">
		<control type="fixedlist" id="506">
			<movement>5</movement>
			<focusposition>5</focusposition>
			<include>contents506list</include>
		</control>
	</include>
	<include name="listrightlist">
		<control type="list" id="506">
			<include>contents506list</include>
		</control>
	</include>
	<include name="contents506list">
		<left>1010</left>
		<top>70</top>
		<width>1200</width>
		<height>910</height>
		<onleft condition="!Control.IsVisible(50664)">SetProperty(MediaMenu,True,Home)</onleft>
		<onleft condition="!Control.IsVisible(50664)">SetFocus(9050)</onleft>
		<onleft condition="Control.IsVisible(50664)">50664</onleft>
		<onright condition="Control.IsVisible(50660)">50660</onright>
		<onright condition="!Control.IsVisible(50660)">4400</onright>
		<onup>506</onup>
		<ondown>506</ondown>
		<pagecontrol>50660</pagecontrol>
		<viewtype label="$LOCALIZE[31239]">list</viewtype>
		<visible>!Skin.HasSetting(skinvariables.viewtypes) + [Container.Content(movies) | Container.Content(sets) | Container.Content(tvshows) | Container.Content(seasons) | Container.Content(episodes) | Container.Content(videoversions)] | Skin.HasSetting(skinvariables.viewtypes) + $EXP[Exp_View_506]</visible>
		<scrolltime tween="quadratic" easing="out">200</scrolltime>
		<itemlayout height="82" width="806" condition="[!Skin.HasSetting(rightlistalternate) + Container.Content(movies)]">
			<include content="RightListItemLayout">
				<param name="width">700</param>
			</include>
		</itemlayout>
		<itemlayout height="82" width="806" condition="[Container.Content(sets) | Container.Content(tvshows) | Container.Content(seasons) | Container.Content(episodes)] + !Skin.HasSetting(rightlistalternatetv)">
			<control type="group">
				<animation effect="slide" end="70" time="0" condition="Container.Content(episodes)">Conditional</animation>
				<include content="RightListItemLayout">
					<param name="width">700</param>
				</include>
			</control>
		</itemlayout>
		<itemlayout height="82" width="806" condition="[Skin.HasSetting(rightlistalternate) + Container.Content(movies)]">
			<include content="RightListItemLayout">
				<param name="width">770</param>
			</include>
		</itemlayout>
		<itemlayout height="82" width="806" condition="[Container.Content(sets) | Container.Content(tvshows) | Container.Content(seasons) | Container.Content(episodes)] + Skin.HasSetting(rightlistalternatetv)">
			<include content="RightListItemLayout">
				<param name="width">770</param>
			</include>
		</itemlayout>
		<focusedlayout height="82" width="806" condition="[!Skin.HasSetting(rightlistalternate) + Container.Content(movies)]" infoupdate="1000">
			<control type="image">
				<include>VisibleFadeAnimation</include>
			</control>
			<include content="RightListFocusedLayout">
				<param name="width">700</param>
			</include>
		</focusedlayout>
		<focusedlayout height="82" width="806" condition="[Container.Content(sets) | Container.Content(tvshows) | Container.Content(seasons) | Container.Content(episodes)] + !Skin.HasSetting(rightlistalternatetv)" infoupdate="1000">
			<control type="image">
				<include>VisibleFadeAnimation</include>
			</control>
			<control type="group">
				<animation effect="slide" end="70" time="0" condition="Container.Content(episodes)">Conditional</animation>
				<include content="RightListFocusedLayout">
					<param name="width">700</param>
				</include>
			</control>
		</focusedlayout>
		<focusedlayout height="82" width="806" condition="[Skin.HasSetting(rightlistalternate) + Container.Content(movies)]" infoupdate="1000">
			<include content="RightListFocusedLayout">
				<param name="width">770</param>
			</include>
		</focusedlayout>
		<focusedlayout height="82" width="806" condition="[Container.Content(sets) | Container.Content(tvshows) | Container.Content(seasons) | Container.Content(episodes)] + Skin.HasSetting(rightlistalternatetv)" infoupdate="1000">
			<include content="RightListFocusedLayout">
				<param name="width">770</param>
			</include>
		</focusedlayout>
	</include>
	<include name="RightListFocusedLayout">
		<param name="visibleSubLabelNoYear" default="[Container.Content(movies) + !Skin.HasSetting(rightlistalternate)] | [!Container.Content(movies) + !Skin.HasSetting(rightlistalternatetv) + !Window.IsActive(music)]" />
		<param name="width" />
		<param name="labelColor" default="$VAR[ThemeLabelColor]" />
		<definition>
			<control type="label">
				<top>5</top>
				<left>45</left>
				<width>$PARAM[width]</width>
				<height>40</height>
				<font>font16</font>
				<align>right</align>
				<textcolor>$PARAM[labelColor]</textcolor>
				<shadowcolor>shadow</shadowcolor>
				<label>$VAR[RightListItemLabelVar]</label>
				<animation effect="fade" start="100" end="70" time="300" tween="sine" easing="inout" condition="!Control.HasFocus(506)">Conditional</animation>
				<visible>!ListItem.IsCollection + !ListItem.IsParentFolder + !Container.Content(seasons) + !String.IsEqual(ListItem.DBTYPE,season) + ![String.IsEmpty(ListItem.Duration) + String.StartsWith(Container.FolderPath,plugin://)] + ![Container.Content(movies) + String.IsEmpty(ListItem.Duration) + String.IsEmpty(ListItem.RatingAndVotes)] + ![Container.Content(episodes) + String.IsEmpty(ListItem.Duration) + String.IsEmpty(ListItem.RatingAndVotes)]</visible>
			</control>
			<control type="label">
				<top>25</top>
				<left>45</left>
				<width>$PARAM[width]</width>
				<height>40</height>
				<font>font16</font>
				<align>right</align>
				<textcolor>$PARAM[labelColor]</textcolor>
				<shadowcolor>shadow</shadowcolor>
				<label>$INFO[ListItem.Label]</label>
				<animation effect="fade" start="100" end="70" time="300" tween="sine" easing="inout" condition="!Control.HasFocus(506)">Conditional</animation>
				<visible>ListItem.IsCollection | ListItem.IsParentFolder | Container.Content(seasons) | String.IsEqual(ListItem.DBTYPE,season) | [String.IsEmpty(ListItem.Duration) + String.StartsWith(Container.FolderPath,plugin://)] | [Container.Content(movies) + String.IsEmpty(ListItem.Duration) + String.IsEmpty(ListItem.RatingAndVotes)] | [Container.Content(episodes) + String.IsEmpty(ListItem.Duration) + String.IsEmpty(ListItem.RatingAndVotes)]</visible>
			</control>
			<control type="group">
				<left>45</left>
				<top>45</top>
				<width>$PARAM[width]</width>
				<control type="label">
					<height>40</height>
					<align>right</align>
					<shadowcolor>shadow</shadowcolor>
					<label>$VAR[RightListSubLabelVar]</label>
					<animation effect="fade" start="100" end="70" time="300" tween="sine" easing="inout" condition="!Control.HasFocus(506)">Conditional</animation>
					<animation effect="slide" end="-155" time="0" condition="!String.IsEmpty(ListItem.UserRating) + Window.IsActive(music)">Conditional</animation>
					<visible>!ListItem.IsCollection + !Container.Content(seasons) + !String.IsEqual(ListItem.DBTYPE,season)</visible>
				</control>
				<control type="image">
					<left>662</left>
					<width>150</width>
					<height>40</height>
					<aspectratio>keep</aspectratio>
					<colordiffuse>$VAR[ThemeLabelColor]</colordiffuse>
					<texture fallback="flags/rating/empty.png">$INFO[ListItem.UserRating,flags/rating/,.png]</texture>
					<animation effect="fade" start="100" end="70" time="300" tween="sine" easing="inout" condition="!Control.HasFocus(506)">Conditional</animation>
					<visible>!ListItem.IsParentFolder + !String.IsEmpty(ListItem.UserRating) + Window.IsActive(music)</visible>
				</control>
			</control>
			<control type="label">
				<left>730</left>
				<top>25</top>
				<width>100</width>
				<height>40</height>
				<font>font16</font>
				<align>right</align>
				<shadowcolor>shadow</shadowcolor>
				<label>[LIGHT]$INFO[ListItem.Year][/LIGHT]</label>
				<animation effect="fade" start="100" end="70" time="300" tween="sine" easing="inout" condition="!Control.HasFocus(506)">Conditional</animation>
				<animation effect="slide" end="7" condition="String.IsEqual(Skin.Font,$LOCALIZE[31483])">Conditional</animation>
				<visible>$PARAM[visibleSubLabelNoYear]</visible>
				<visible>!Container.Content(episodes)</visible>
			</control>
			<include content="ListStatusIndicators">
				<param name="left">830</param>
				<param name="top">13</param>
				<param name="visible">!Window.IsActive(music)</param>
			</include>
		</definition>
	</include>
	<include name="RightListItemLayout">
		<param name="visibleSubLabelNoYear" default="[Container.Content(movies) + !Skin.HasSetting(rightlistalternate)] | [!Container.Content(movies) + !Skin.HasSetting(rightlistalternatetv) + !Window.IsActive(music)]" />
		<param name="width" />
		<param name="labelColor" default="white" />
		<definition>
			<control type="label">
				<left>45</left>
				<top>25</top>
				<width>$PARAM[width]</width>
				<height>40</height>
				<font>font16</font>
				<align>right</align>
				<textcolor>$PARAM[labelColor]</textcolor>
				<shadowcolor>shadow</shadowcolor>
				<label>$VAR[RightListItemLabelVar]</label>
			</control>
			<control type="label">
				<left>730</left>
				<top>25</top>
				<width>100</width>
				<height>40</height>
				<font>font16</font>
				<align>right</align>
				<textcolor>$VAR[ThemeLabelColor]</textcolor>
				<shadowcolor>shadow</shadowcolor>
				<label>[LIGHT]$INFO[ListItem.Year][/LIGHT]</label>
				<animation effect="slide" end="7" condition="String.IsEqual(Skin.Font,$LOCALIZE[31483])">Conditional</animation>
				<visible>!Container.Content(episodes)</visible>
				<visible>$PARAM[visibleSubLabelNoYear]</visible>
			</control>
			<include content="ListStatusIndicators">
				<param name="left">830</param>
				<param name="top">13</param>
				<param name="visible">!Window.IsActive(music)</param>
			</include>
		</definition>
	</include>
</includes>