<?xml version="1.0" encoding="UTF-8"?>
<includes>
	<!-- Fullscreen Wall -->
	<include name="View_511_Fullscreen_Wall">
		<control type="group">
			<visible>Control.IsVisible(511)</visible>
			<include>ViewAnimation</include>
			<control type="group">
				<visible>Container.Content(artists) | Container.Content(albums)</visible>
				<control type="image">
					<width>1</width>
					<height>1080</height>
					<texture>colors/black.png</texture>
				</control>
				<control type="image">
					<left>1919</left>
					<width>1</width>
					<height>1080</height>
					<texture>colors/black.png</texture>
				</control>
			</control>
			<control type="panel" id="511">
				<include>FullscreenDimensions</include>
				<onleft>SetProperty(MediaMenu,True,Home)</onleft>
				<onleft>SetFocus(9050)</onleft>
				<onright>51160</onright>
				<onup>511</onup>
				<ondown>511</ondown>
				<viewtype label="$LOCALIZE[31246]">icon</viewtype>
				<pagecontrol>51160</pagecontrol>
				<preloaditems>2</preloaditems>
				<scrolltime tween="quadratic">400</scrolltime>
				<visible>!Skin.HasSetting(skinvariables.viewtypes) + [Container.Content(movies) | Container.Content(tvshows) | Container.Content(sets) | Container.Content(videoversions)] | Window.IsActive(music) + [Container.Content(artists) | Container.Content(albums) | Container.Content(files)] | !Window.IsActive(music) + Skin.HasSetting(skinvariables.viewtypes) + $EXP[Exp_View_511]</visible>
				<itemlayout width="240" height="360" condition="[Container.Content(movies) | Container.Content(tvshows) | Container.Content(sets)] + !Skin.HasSetting(Enable.SmallerFullscreenWallPosters)">
					<control type="group">
						<control type="image">
							<width>240</width>
							<height>360</height>
							<aspectratio scalediffuse="false">scale</aspectratio>
							<texture border="4" background="true">$VAR[PosterThumbVar]</texture>
							<bordersize>4</bordersize>
							<bordertexture border="4" infill="false">colors/black.png</bordertexture>
						</control>
						<control type="image">
							<width>240</width>
							<height>360</height>
							<texture>colors/black25.png</texture>
							<bordersize>4</bordersize>
						</control>
						<include content="PosterStatusOverlay">
							<param name="left">196</param>
							<param name="top">4</param>
							<param name="size">40</param>
							<param name="visible">!String.IsEmpty(Skin.String(511.Movies.DisableOverlay)) + [Container.Content(movies) | Container.Content(sets)] | [!String.IsEmpty(Skin.String(511.TV.DisableOverlay)) + Container.Content(tvshows)]</param>
						</include>
						<include condition="Skin.HasSetting(Disable.UnwatchedIcon)" content="UnwatchedEpisodeOverlay">
							<param name="left">4</param>
							<param name="top">4</param>
						</include>
					</control>
				</itemlayout>
				<focusedlayout width="240" height="360" condition="[Container.Content(movies) | Container.Content(tvshows) | Container.Content(sets)] + !Skin.HasSetting(Enable.SmallerFullscreenWallPosters)">
					<control type="group">
						<animation effect="zoom" start="95" end="100" time="200" tween="sine" easing="inout" center="auto" reversible="false">Focus</animation>
						<control type="image">
							<width>240</width>
							<height>360</height>
							<aspectratio scalediffuse="false">scale</aspectratio>
							<texture border="8" background="true">$VAR[PosterThumbVar]</texture>
							<bordersize>8</bordersize>
							<bordertexture border="8" infill="false" colordiffuse="$VAR[HighlightBarColor]">colors/white.png</bordertexture>
						</control>
						<include content="PosterStatusOverlay">
							<param name="left">192</param>
							<param name="top">8</param>
							<param name="size">40</param>
							<param name="visible">!String.IsEmpty(Skin.String(511.Movies.DisableOverlay)) + [Container.Content(movies) | Container.Content(sets)] | [!String.IsEmpty(Skin.String(511.TV.DisableOverlay)) + Container.Content(tvshows)]</param>
						</include>
						<include condition="Skin.HasSetting(Disable.UnwatchedIcon)" content="UnwatchedEpisodeOverlay">
							<param name="left">8</param>
							<param name="top">8</param>
						</include>
					</control>
				</focusedlayout>
				<itemlayout width="192" height="270" condition="[Container.Content(movies) | Container.Content(tvshows) | Container.Content(sets)] + Skin.HasSetting(Enable.SmallerFullscreenWallPosters) + !Skin.HasSetting(Enable.TinyFullscreenWallPosters)">
					<control type="group">
						<control type="image">
							<width>192</width>
							<height>270</height>
							<texture border="2" background="true">$VAR[PosterThumbVar]</texture>
							<bordersize>2</bordersize>
							<bordertexture border="2" infill="false">colors/black.png</bordertexture>
						</control>
						<control type="image">
							<width>192</width>
							<height>270</height>
							<texture>colors/black25.png</texture>
							<bordersize>2</bordersize>
						</control>
						<include content="PosterStatusOverlay">
							<param name="left">160</param>
							<param name="top">2</param>
							<param name="size">30</param>
							<param name="visible">!String.IsEmpty(Skin.String(511.Movies.DisableOverlay)) + [Container.Content(movies) | Container.Content(sets)] | [!String.IsEmpty(Skin.String(511.TV.DisableOverlay)) + Container.Content(tvshows)]</param>
						</include>
						<include condition="Skin.HasSetting(Disable.UnwatchedIcon)" content="UnwatchedEpisodeOverlay">
							<param name="left">2</param>
							<param name="top">2</param>
							<param name="height">32</param>
						</include>
					</control>
				</itemlayout>
				<focusedlayout width="192" height="270" condition="[Container.Content(movies) | Container.Content(tvshows) | Container.Content(sets)] + Skin.HasSetting(Enable.SmallerFullscreenWallPosters) + !Skin.HasSetting(Enable.TinyFullscreenWallPosters)">
					<control type="group">
						<animation effect="zoom" start="95" end="100" time="200" tween="sine" easing="inout" center="auto" reversible="false">Focus</animation>
						<control type="image">
							<width>192</width>
							<height>270</height>
							<texture border="4" background="true">$VAR[PosterThumbVar]</texture>
							<bordersize>4</bordersize>
							<bordertexture border="4" infill="false" colordiffuse="$VAR[HighlightBarColor]">colors/white.png</bordertexture>
						</control>
						<include content="PosterStatusOverlay">
							<param name="left">158</param>
							<param name="top">4</param>
							<param name="size">30</param>
							<param name="visible">!String.IsEmpty(Skin.String(511.Movies.DisableOverlay)) + [Container.Content(movies) | Container.Content(sets)] | [!String.IsEmpty(Skin.String(511.TV.DisableOverlay)) + Container.Content(tvshows)]</param>
						</include>
						<include condition="Skin.HasSetting(Disable.UnwatchedIcon)" content="UnwatchedEpisodeOverlay">
							<param name="left">4</param>
							<param name="top">4</param>
							<param name="height">32</param>
						</include>
					</control>
				</focusedlayout>
				<itemlayout width="128" height="180" condition="[Container.Content(movies) | Container.Content(tvshows) | Container.Content(sets)] + Skin.HasSetting(Enable.SmallerFullscreenWallPosters) + Skin.HasSetting(Enable.TinyFullscreenWallPosters)">
					<control type="group">
						<control type="image">
							<width>128</width>
							<height>180</height>
							<texture border="1" background="true">$VAR[PosterThumbVar]</texture>
							<bordersize>1</bordersize>
							<bordertexture border="1" infill="false">colors/black.png</bordertexture>
						</control>
						<control type="image">
							<width>128</width>
							<height>180</height>
							<texture>colors/black25.png</texture>
							<bordersize>1</bordersize>
						</control>
						<include content="PosterStatusOverlay">
							<param name="left">107</param>
							<param name="top">1</param>
							<param name="size">20</param>
							<param name="visible">!String.IsEmpty(Skin.String(511.Movies.DisableOverlay)) + [Container.Content(movies) | Container.Content(sets)] | [!String.IsEmpty(Skin.String(511.TV.DisableOverlay)) + Container.Content(tvshows)]</param>
						</include>
						<include condition="Skin.HasSetting(Disable.UnwatchedIcon)" content="UnwatchedEpisodeOverlay">
							<param name="height">22</param>
						</include>
					</control>
				</itemlayout>
				<focusedlayout width="128" height="180" condition="[Container.Content(movies) | Container.Content(tvshows) | Container.Content(sets)] + Skin.HasSetting(Enable.SmallerFullscreenWallPosters) + Skin.HasSetting(Enable.TinyFullscreenWallPosters)">
					<control type="group">
						<animation effect="zoom" start="95" end="100" time="200" tween="sine" easing="inout" center="auto" reversible="false">Focus</animation>
						<control type="image">
							<width>128</width>
							<height>180</height>
							<texture border="3" background="true">$VAR[PosterThumbVar]</texture>
							<bordersize>3</bordersize>
							<bordertexture border="3" infill="false" colordiffuse="$VAR[HighlightBarColor]">colors/white.png</bordertexture>
						</control>
						<include content="PosterStatusOverlay">
							<param name="left">105</param>
							<param name="top">3</param>
							<param name="size">20</param>
							<param name="visible">!String.IsEmpty(Skin.String(511.Movies.DisableOverlay)) + [Container.Content(movies) | Container.Content(sets)] | [!String.IsEmpty(Skin.String(511.TV.DisableOverlay)) + Container.Content(tvshows)]</param>
						</include>
						<include condition="Skin.HasSetting(Disable.UnwatchedIcon)" content="UnwatchedEpisodeOverlay">
							<param name="left">3</param>
							<param name="top">3</param>
							<param name="height">22</param>
						</include>
					</control>
				</focusedlayout>
				<itemlayout width="274" height="270" condition="Container.Content(artists) | Container.Content(albums) | [Window.IsActive(music) + Container.Content(files)]">
					<control type="group">
						<left>1</left>
						<control type="image">
							<width>274</width>
							<height>270</height>
							<aspectratio aligny="top" scalediffuse="false">scale</aspectratio>
							<texture border="4" background="true">$INFO[ListItem.Icon]</texture>
							<bordersize>4</bordersize>
							<bordertexture border="4" infill="false">colors/black.png</bordertexture>
						</control>
						<control type="image">
							<visible>Container.Content(artists) | Container.Content(albums)</visible>
							<width>274</width>
							<height>270</height>
							<texture>colors/black25.png</texture>
							<bordersize>4</bordersize>
						</control>
						<control type="group">
							<visible>Container.Content(artists)</visible>
							<control type="image">
								<left>4</left>
								<top>220</top>
								<width>266</width>
								<height>46</height>
								<texture>colors/black50.png</texture>
							</control>
							<control type="label">
								<top>230</top>
								<width>274</width>
								<height>28</height>
								<align>center</align>
								<textoffsetx>8</textoffsetx>
								<textcolor>grey</textcolor>
								<label>$INFO[ListItem.Label]</label>
							</control>
						</control>
					</control>
				</itemlayout>
				<focusedlayout width="274" height="270" condition="Container.Content(artists) | Container.Content(albums) | [Window.IsActive(music) + Container.Content(files)]">
					<control type="group">
						<animation effect="zoom" start="95" end="100" time="200" tween="sine" easing="inout" center="auto" reversible="false">Focus</animation>
						<left>1</left>
						<control type="image">
							<width>274</width>
							<height>270</height>
							<aspectratio aligny="top" scalediffuse="false">scale</aspectratio>
							<texture border="4" background="true">$INFO[ListItem.Icon]</texture>
							<bordersize>4</bordersize>
							<bordertexture border="4" infill="false" colordiffuse="$VAR[HighlightBarColor]">colors/white.png</bordertexture>
						</control>
						<control type="group">
							<visible>Container.Content(artists)</visible>
							<control type="image">
								<left>4</left>
								<top>220</top>
								<width>266</width>
								<height>46</height>
								<texture>colors/black50.png</texture>
							</control>
							<control type="label">
								<top>230</top>
								<width>274</width>
								<height>28</height>
								<align>center</align>
								<textoffsetx>8</textoffsetx>
								<textcolor>grey</textcolor>
								<label>$INFO[ListItem.Label]</label>
							</control>
						</control>
					</control>
				</focusedlayout>
			</control>
			<control type="scrollbar" id="51160">
				<left>1906</left>
				<width>10</width>
				<height>1080</height>
				<onup>51160</onup>
				<ondown>51160</ondown>
				<onleft>511</onleft>
				<onright condition="!Control.IsVisible(615)">SetProperty(MediaMenu,True,Home)</onright>
				<onright condition="!Control.IsVisible(615)">SetFocus(9050)</onright>
				<onright condition="Control.IsVisible(615)">SetFocus(615)</onright>
				<texturesliderbarfocus colordiffuse="$VAR[ThemeLabelColor]">solid_bg.png</texturesliderbarfocus>
				<animation effect="fade" start="100" end="0" time="500" delay="500" condition="!Control.HasFocus(51160) + !Container.Scrolling">Conditional</animation>
				<animation effect="zoom" start="100,100" end="200,100" center="auto" tween="sine" easing="inout" time="500" pulse="true" condition="Control.HasFocus(51160)">Conditional</animation>
			</control>
		</control>
	</include>
</includes>