<?xml version="1.0" encoding="UTF-8"?>
<includes>
	<include name="Video_56_Posters">
		<control type="group">
			<visible>Control.IsVisible(56)</visible>
			<include>ViewAnimation</include>
			<top>-80</top>
			<left>25</left>
			<control type="group">
				<left>-22</left>
				<top>112</top>
				<control type="group" id="5801">
					<visible>Container(56).OnPrevious</visible>
					<animation effect="slide" end="0,0" time="200" reversible="false">Hidden</animation>
					<!-- Hide Far Right Thumb On Move Previous -->
					<control type="group">
						<left>1731</left>
						<top>498</top>
						<width>216</width>
						<height>506</height>
						<visible>Container(56).OnPrevious</visible>
						<animation type="Hidden" reversible="false">
							<effect type="fade" start="100" end="0" time="200" />
							<effect type="slide" end="48,0" time="200" />
						</animation>
						<control type="group">
							<visible>!String.IsEmpty(Container.ListItemNoWrap(9).FolderPath) | !Skin.HasSetting(PostersWrapList)</visible>
							<control type="image">
								<left>7</left>
								<top>4</top>
								<width>200</width>
								<height>282</height>
								<aspectratio>scale</aspectratio>
								<texture background="true" fallback="DefaultVideo.png">$VAR[ShowcaseItem9Var]</texture>
								<bordertexture border="20">thumbs/thumb_shadow.png</bordertexture>
								<bordersize>20</bordersize>
								<fadetime>0</fadetime>
							</control>
							<control type="image">
								<left>187</left>
								<top>24</top>
								<width>100</width>
								<height>242</height>
								<texture flipx="true" border="1">side_shadow.png</texture>
							</control>
							<control type="image">
								<left>153</left>
								<top>24</top>
								<width>30</width>
								<height>30</height>
								<texture>$VAR[IconOverlay9Var]</texture>
								<visible>[!String.IsEmpty(Skin.String(56.Movies.DisableOverlay)) + Container.Content(movies)] | [!String.IsEmpty(Skin.String(56.TV.DisableOverlay)) + Container.Content(tvshows)] | [!String.IsEmpty(Skin.String(56.Sets.DisableOverlay)) + Container.Content(sets)] | [!String.IsEmpty(Skin.String(56.Seasons.DisableOverlay)) + Container.Content(seasons)]</visible>
							</control>
						</control>
					</control>
					<!-- Move Panel 8 to 9-->
					<control type="group">
						<left>1617</left>
						<top>468</top>
						<width>260</width>
						<height>608</height>
						<visible>Container(56).OnPrevious</visible>
						<animation effect="zoom" start="1617,468,260,608" end="1731,498,216,506" time="200" reversible="false">Hidden</animation>
						<control type="group">
							<visible>!String.IsEmpty(Container.ListItemNoWrap(8).FolderPath) | !Skin.HasSetting(PostersWrapList)</visible>
							<control type="image">
								<left>13</left>
								<top>8</top>
								<width>234</width>
								<height>331</height>
								<aspectratio>scale</aspectratio>
								<texture background="true" fallback="DefaultVideo.png">$VAR[ShowcaseItem8Var]</texture>
								<bordertexture border="20">thumbs/thumb_shadow.png</bordertexture>
								<bordersize>20</bordersize>
								<fadetime>0</fadetime>
							</control>
							<control type="image">
								<left>227</left>
								<top>54</top>
								<width>100</width>
								<height>243</height>
								<texture flipx="true" border="1">side_shadow.png</texture>
							</control>
							<control type="image">
								<left>188</left>
								<top>28</top>
								<width>38</width>
								<height>38</height>
								<texture>$VAR[IconOverlay8Var]</texture>
								<visible>[!String.IsEmpty(Skin.String(56.Movies.DisableOverlay)) + Container.Content(movies)] | [!String.IsEmpty(Skin.String(56.TV.DisableOverlay)) + Container.Content(tvshows)] | [!String.IsEmpty(Skin.String(56.Sets.DisableOverlay)) + Container.Content(sets)] | [!String.IsEmpty(Skin.String(56.Seasons.DisableOverlay)) + Container.Content(seasons)]</visible>
							</control>
						</control>
					</control>
					<!-- Move Panel 7 to 8-->
					<control type="group">
						<left>1488</left>
						<top>436</top>
						<width>304</width>
						<height>711</height>
						<visible>Container(56).OnPrevious</visible>
						<animation effect="zoom" start="1488,436,304,711" end="1617,468,260,608" time="200" reversible="false">Hidden</animation>
						<control type="group">
							<visible>!String.IsEmpty(Container.ListItemNoWrap(7).FolderPath) | !Skin.HasSetting(PostersWrapList)</visible>
							<control type="image">
								<left>19</left>
								<top>13</top>
								<width>266</width>
								<height>380</height>
								<aspectratio>scale</aspectratio>
								<texture background="true" fallback="DefaultVideo.png">$VAR[ShowcaseItem7Var]</texture>
								<bordertexture border="20">thumbs/thumb_shadow.png</bordertexture>
								<bordersize>20</bordersize>
								<fadetime>0</fadetime>
							</control>
							<control type="image">
								<left>265</left>
								<top>60</top>
								<width>100</width>
								<height>292</height>
								<texture flipx="true" border="1">side_shadow.png</texture>
							</control>
							<control type="image">
								<left>219</left>
								<top>33</top>
								<width>45</width>
								<height>45</height>
								<texture>$VAR[IconOverlay7Var]</texture>
								<visible>[!String.IsEmpty(Skin.String(56.Movies.DisableOverlay)) + Container.Content(movies)] | [!String.IsEmpty(Skin.String(56.TV.DisableOverlay)) + Container.Content(tvshows)] | [!String.IsEmpty(Skin.String(56.Sets.DisableOverlay)) + Container.Content(sets)] | [!String.IsEmpty(Skin.String(56.Seasons.DisableOverlay)) + Container.Content(seasons)]</visible>
							</control>
						</control>
					</control>
					<!-- Move Panel 6 to 7-->
					<control type="group">
						<left>1335</left>
						<top>406</top>
						<width>348</width>
						<height>814</height>
						<visible>Container(56).OnPrevious</visible>
						<animation effect="zoom" start="1335,406,348,814" end="1488,436,304,711" time="200" reversible="false">Hidden</animation>
						<control type="group">
							<visible>!String.IsEmpty(Container.ListItemNoWrap(6).FolderPath) | !Skin.HasSetting(PostersWrapList)</visible>
							<control type="image">
								<left>25</left>
								<top>19</top>
								<width>300</width>
								<height>427</height>
								<aspectratio>scale</aspectratio>
								<texture background="true" fallback="DefaultVideo.png">$VAR[ShowcaseItem6Var]</texture>
								<bordertexture border="20">thumbs/thumb_shadow.png</bordertexture>
								<bordersize>20</bordersize>
								<fadetime>0</fadetime>
							</control>
							<control type="image">
								<left>305</left>
								<top>63</top>
								<width>100</width>
								<height>341</height>
								<texture flipx="true" border="1">side_shadow.png</texture>
							</control>
							<control type="image">
								<left>250</left>
								<top>39</top>
								<width>52</width>
								<height>52</height>
								<texture>$VAR[IconOverlay6Var]</texture>
								<visible>[!String.IsEmpty(Skin.String(56.Movies.DisableOverlay)) + Container.Content(movies)] | [!String.IsEmpty(Skin.String(56.TV.DisableOverlay)) + Container.Content(tvshows)] | [!String.IsEmpty(Skin.String(56.Sets.DisableOverlay)) + Container.Content(sets)] | [!String.IsEmpty(Skin.String(56.Seasons.DisableOverlay)) + Container.Content(seasons)]</visible>
							</control>
						</control>
					</control>
					<!-- Move Panel 5 to 6-->
					<control type="group">
						<left>1152</left>
						<top>375</top>
						<width>393</width>
						<height>918</height>
						<visible>Container(56).OnPrevious</visible>
						<animation effect="zoom" start="1152,375,393,918" end="1335,406,348,814" time="200" reversible="false">Hidden</animation>
						<control type="group">
							<visible>!String.IsEmpty(Container.ListItemNoWrap(5).FolderPath) | !Skin.HasSetting(PostersWrapList)</visible>
							<control type="image">
								<left>30</left>
								<top>24</top>
								<width>332</width>
								<height>478</height>
								<aspectratio>scale</aspectratio>
								<texture background="true" fallback="DefaultVideo.png">$VAR[ShowcaseItem5Var]</texture>
								<bordertexture border="20">thumbs/thumb_shadow.png</bordertexture>
								<bordersize>20</bordersize>
								<fadetime>0</fadetime>
							</control>
							<control type="image">
								<left>342</left>
								<top>70</top>
								<width>100</width>
								<height>388</height>
								<texture flipx="true" border="1">side_shadow.png</texture>
							</control>
							<control type="image">
								<left>280</left>
								<top>44</top>
								<width>60</width>
								<height>60</height>
								<texture>$VAR[IconOverlay5Var]</texture>
								<visible>[!String.IsEmpty(Skin.String(56.Movies.DisableOverlay)) + Container.Content(movies)] | [!String.IsEmpty(Skin.String(56.TV.DisableOverlay)) + Container.Content(tvshows)] | [!String.IsEmpty(Skin.String(56.Sets.DisableOverlay)) + Container.Content(sets)] | [!String.IsEmpty(Skin.String(56.Seasons.DisableOverlay)) + Container.Content(seasons)]</visible>
							</control>
						</control>
					</control>
					<!-- Move Panel 4 to 5-->
					<control type="group">
						<left>933</left>
						<top>339</top>
						<width>436</width>
						<height>1022</height>
						<visible>Container(56).OnPrevious</visible>
						<animation effect="zoom" start="933,339,436,1022" end="1152,375,393,918" time="200" reversible="false">Hidden</animation>
						<control type="group">
							<visible>!String.IsEmpty(Container.ListItemNoWrap(4).FolderPath) | !Skin.HasSetting(PostersWrapList)</visible>
							<control type="image">
								<left>36</left>
								<top>28</top>
								<width>366</width>
								<height>528</height>
								<aspectratio>scale</aspectratio>
								<texture background="true" fallback="DefaultVideo.png">$VAR[ShowcaseItem4Var]</texture>
								<bordertexture border="20">thumbs/thumb_shadow.png</bordertexture>
								<bordersize>20</bordersize>
								<fadetime>0</fadetime>
							</control>
							<control type="image">
								<left>382</left>
								<top>78</top>
								<width>100</width>
								<height>442</height>
								<texture flipx="true" border="1">side_shadow.png</texture>
							</control>
							<control type="image">
								<left>312</left>
								<top>48</top>
								<width>68</width>
								<height>68</height>
								<texture>$VAR[IconOverlay4Var]</texture>
								<visible>[!String.IsEmpty(Skin.String(56.Movies.DisableOverlay)) + Container.Content(movies)] | [!String.IsEmpty(Skin.String(56.TV.DisableOverlay)) + Container.Content(tvshows)] | [!String.IsEmpty(Skin.String(56.Sets.DisableOverlay)) + Container.Content(sets)] | [!String.IsEmpty(Skin.String(56.Seasons.DisableOverlay)) + Container.Content(seasons)]</visible>
							</control>
						</control>
					</control>
					<!-- Move Panel 3 to 4-->
					<control type="group">
						<left>669</left>
						<top>308</top>
						<width>482</width>
						<height>1125</height>
						<visible>Container(56).OnPrevious</visible>
						<animation effect="zoom" start="669,308,482,1125" end="933,339,436,1022" time="200" reversible="false">Hidden</animation>
						<control type="group">
							<visible>!String.IsEmpty(Container.ListItemNoWrap(3).FolderPath) | !Skin.HasSetting(PostersWrapList)</visible>
							<control type="image">
								<left>42</left>
								<top>32</top>
								<width>398</width>
								<height>577</height>
								<aspectratio>scale</aspectratio>
								<texture background="true" fallback="DefaultVideo.png">$VAR[ShowcaseItem3Var]</texture>
								<bordertexture border="20">thumbs/thumb_shadow.png</bordertexture>
								<bordersize>20</bordersize>
								<fadetime>0</fadetime>
							</control>
							<control type="image">
								<left>420</left>
								<top>78</top>
								<width>100</width>
								<height>490</height>
								<texture flipx="true" border="1">side_shadow.png</texture>
							</control>
							<control type="image">
								<left>344</left>
								<top>52</top>
								<width>75</width>
								<height>75</height>
								<texture>$VAR[IconOverlay3Var]</texture>
								<visible>[!String.IsEmpty(Skin.String(56.Movies.DisableOverlay)) + Container.Content(movies)] | [!String.IsEmpty(Skin.String(56.TV.DisableOverlay)) + Container.Content(tvshows)] | [!String.IsEmpty(Skin.String(56.Sets.DisableOverlay)) + Container.Content(sets)] | [!String.IsEmpty(Skin.String(56.Seasons.DisableOverlay)) + Container.Content(seasons)]</visible>
							</control>
						</control>
					</control>
					<!-- Move Panel 2 to 3-->
					<control type="group">
						<left>354</left>
						<top>278</top>
						<width>525</width>
						<height>1228</height>
						<visible>Container(56).OnPrevious</visible>
						<animation effect="zoom" start="354,278,525,1228" end="669,308,482,1125" time="200" reversible="false">Hidden</animation>
						<control type="group">
							<visible>!String.IsEmpty(Container.ListItemNoWrap(2).FolderPath) | !Skin.HasSetting(PostersWrapList)</visible>
							<control type="image">
								<left>48</left>
								<top>37</top>
								<width>432</width>
								<height>626</height>
								<aspectratio>scale</aspectratio>
								<texture background="true" fallback="DefaultVideo.png">$VAR[ShowcaseItem2Var]</texture>
								<bordertexture border="20">thumbs/thumb_shadow.png</bordertexture>
								<bordersize>20</bordersize>
								<fadetime>0</fadetime>
							</control>
							<control type="image">
								<left>460</left>
								<top>82</top>
								<width>100</width>
								<height>538</height>
								<texture flipx="true" border="1">side_shadow.png</texture>
							</control>
							<control type="image">
								<left>375</left>
								<top>57</top>
								<width>82</width>
								<height>82</height>
								<texture>$VAR[IconOverlay2Var]</texture>
								<visible>[!String.IsEmpty(Skin.String(56.Movies.DisableOverlay)) + Container.Content(movies)] | [!String.IsEmpty(Skin.String(56.TV.DisableOverlay)) + Container.Content(tvshows)] | [!String.IsEmpty(Skin.String(56.Sets.DisableOverlay)) + Container.Content(sets)] | [!String.IsEmpty(Skin.String(56.Seasons.DisableOverlay)) + Container.Content(seasons)]</visible>
							</control>
						</control>
					</control>
					<!-- Move Panel 1 to 2-->
					<control type="group">
						<left>-26</left>
						<top>246</top>
						<width>570</width>
						<height>1334</height>
						<visible>Container(56).OnPrevious</visible>
						<animation effect="zoom" start="-26,246,570,1334" end="354,278,525,1228" time="200" reversible="false">Hidden</animation>
						<control type="group">
							<visible>!String.IsEmpty(Container.ListItemNoWrap(1).FolderPath) | !Skin.HasSetting(PostersWrapList)</visible>
							<control type="image">
								<left>54</left>
								<top>42</top>
								<width>466</width>
								<height>676</height>
								<aspectratio>scale</aspectratio>
								<texture background="true" fallback="DefaultVideo.png">$VAR[ShowcaseItem1Var]</texture>
								<bordertexture border="20">thumbs/thumb_shadow.png</bordertexture>
								<bordersize>20</bordersize>
								<fadetime>0</fadetime>
							</control>
							<control type="image">
								<left>500</left>
								<top>88</top>
								<width>100</width>
								<height>588</height>
								<texture flipx="true" border="1">side_shadow.png</texture>
							</control>
							<control type="image">
								<left>408</left>
								<top>62</top>
								<width>90</width>
								<height>90</height>
								<texture>$VAR[IconOverlay1Var]</texture>
								<visible>[!String.IsEmpty(Skin.String(56.Movies.DisableOverlay)) + Container.Content(movies)] | [!String.IsEmpty(Skin.String(56.TV.DisableOverlay)) + Container.Content(tvshows)] | [!String.IsEmpty(Skin.String(56.Sets.DisableOverlay)) + Container.Content(sets)] | [!String.IsEmpty(Skin.String(56.Seasons.DisableOverlay)) + Container.Content(seasons)]</visible>
							</control>
							<include condition="Skin.HasSetting(Disable.UnwatchedIcon)" content="UnwatchedEpisodeOverlay">
								<param name="left">74</param>
								<param name="top">62</param>
								<param name="label">$INFO[ListItem(1).Property(UnWatchedEpisodes)]</param>
							</include>
						</control>
					</control>
					<!-- Show Far Left Thumb On Move Previous -->
					<control type="group">
						<left>-218</left>
						<top>246</top>
						<width>570</width>
						<height>1334</height>
						<visible>Container(56).OnPrevious</visible>
						<animation type="Hidden" reversible="false">
							<effect type="fade" end="100" time="200" />
							<effect type="slide" end="192,0" time="200" />
						</animation>
						<animation effect="fade" end="0" time="0" reversible="false">Visible</animation>
						<control type="group">
							<visible>!String.IsEmpty(Container.ListItemNoWrap(0).FolderPath) | !Skin.HasSetting(PostersWrapList)</visible>
							<control type="image">
								<left>54</left>
								<top>42</top>
								<width>466</width>
								<height>676</height>
								<aspectratio>scale</aspectratio>
								<texture background="true" fallback="DefaultVideo.png">$VAR[ShowcaseItem0Var]</texture>
								<bordertexture border="20">thumbs/thumb_shadow.png</bordertexture>
								<bordersize>20</bordersize>
								<fadetime>0</fadetime>
							</control>
							<control type="image">
								<left>500</left>
								<top>88</top>
								<width>100</width>
								<height>588</height>
								<texture flipx="true" border="1">side_shadow.png</texture>
							</control>
							<control type="image">
								<left>408</left>
								<top>62</top>
								<width>90</width>
								<height>90</height>
								<texture>$VAR[IconOverlay0Var]</texture>
								<visible>[!String.IsEmpty(Skin.String(56.Movies.DisableOverlay)) + Container.Content(movies)] | [!String.IsEmpty(Skin.String(56.TV.DisableOverlay)) + Container.Content(tvshows)] | [!String.IsEmpty(Skin.String(56.Sets.DisableOverlay)) + Container.Content(sets)] | [!String.IsEmpty(Skin.String(56.Seasons.DisableOverlay)) + Container.Content(seasons)]</visible>
							</control>
						</control>
					</control>
				</control>
				<control type="group" id="5802">
					<visible>Container(56).OnNext</visible>
					<animation effect="slide" end="0,0" time="200" reversible="false">Hidden</animation>
					<!-- Show Far Right Thumb On Move Next -->
					<control type="group">
						<left>1731</left>
						<top>498</top>
						<width>216</width>
						<height>506</height>
						<visible>Container(56).OnNext</visible>
						<animation type="Hidden" reversible="false">
							<effect type="fade" end="100" time="200" />
							<effect type="slide" start="48,0" end="0,0" time="200" />
						</animation>
						<animation effect="fade" end="0" time="0" reversible="false">Visible</animation>
						<control type="group">
							<visible>!String.IsEmpty(Container.ListItemNoWrap(8).FolderPath) | !Skin.HasSetting(PostersWrapList)</visible>
							<control type="image">
								<left>7</left>
								<top>4</top>
								<width>200</width>
								<height>282</height>
								<aspectratio>scale</aspectratio>
								<texture background="true" fallback="DefaultVideo.png">$VAR[ShowcaseItem8Var]</texture>
								<bordertexture border="20">thumbs/thumb_shadow.png</bordertexture>
								<bordersize>20</bordersize>
								<fadetime>0</fadetime>
							</control>
							<control type="image">
								<left>187</left>
								<top>24</top>
								<width>100</width>
								<height>242</height>
								<texture flipx="true" border="1">side_shadow.png</texture>
							</control>
							<control type="image">
								<left>153</left>
								<top>24</top>
								<width>30</width>
								<height>30</height>
								<texture>$VAR[IconOverlay8Var]</texture>
								<visible>[!String.IsEmpty(Skin.String(56.Movies.DisableOverlay)) + Container.Content(movies)] | [!String.IsEmpty(Skin.String(56.TV.DisableOverlay)) + Container.Content(tvshows)] | [!String.IsEmpty(Skin.String(56.Sets.DisableOverlay)) + Container.Content(sets)] | [!String.IsEmpty(Skin.String(56.Seasons.DisableOverlay)) + Container.Content(seasons)]</visible>
							</control>
						</control>
					</control>
					<!-- Move Panel 9 to 8 -->
					<control type="group">
						<left>1731</left>
						<top>498</top>
						<width>216</width>
						<height>506</height>
						<visible>Container(56).OnNext</visible>
						<animation effect="zoom" start="1731,498,216,506" end="1617,468,260,608" time="200" reversible="false">Hidden</animation>
						<control type="group">
							<visible>!String.IsEmpty(Container.ListItemNoWrap(7).FolderPath) | !Skin.HasSetting(PostersWrapList)</visible>
							<control type="image">
								<left>7</left>
								<top>4</top>
								<width>200</width>
								<height>282</height>
								<aspectratio>scale</aspectratio>
								<texture background="true" fallback="DefaultVideo.png">$VAR[ShowcaseItem7Var]</texture>
								<bordertexture border="20">thumbs/thumb_shadow.png</bordertexture>
								<bordersize>20</bordersize>
								<fadetime>0</fadetime>
							</control>
							<control type="image">
								<left>187</left>
								<top>24</top>
								<width>100</width>
								<height>242</height>
								<texture flipx="true" border="1">side_shadow.png</texture>
							</control>
							<control type="image">
								<left>153</left>
								<top>24</top>
								<width>30</width>
								<height>30</height>
								<texture>$VAR[IconOverlay7Var]</texture>
								<visible>[!String.IsEmpty(Skin.String(56.Movies.DisableOverlay)) + Container.Content(movies)] | [!String.IsEmpty(Skin.String(56.TV.DisableOverlay)) + Container.Content(tvshows)] | [!String.IsEmpty(Skin.String(56.Sets.DisableOverlay)) + Container.Content(sets)] | [!String.IsEmpty(Skin.String(56.Seasons.DisableOverlay)) + Container.Content(seasons)]</visible>
							</control>
						</control>
					</control>
					<!-- Move Panel 8 to 7 -->
					<control type="group">
						<left>1617</left>
						<top>468</top>
						<width>260</width>
						<height>608</height>
						<visible>Container(56).OnNext</visible>
						<animation effect="zoom" start="1617,468,260,608" end="1488,436,304,711" time="200" reversible="false">Hidden</animation>
						<control type="group">
							<visible>!String.IsEmpty(Container.ListItemNoWrap(6).FolderPath) | !Skin.HasSetting(PostersWrapList)</visible>
							<control type="image">
								<left>13</left>
								<top>8</top>
								<width>234</width>
								<height>331</height>
								<aspectratio>scale</aspectratio>
								<texture background="true" fallback="DefaultVideo.png">$VAR[ShowcaseItem6Var]</texture>
								<bordertexture border="20">thumbs/thumb_shadow.png</bordertexture>
								<bordersize>20</bordersize>
								<fadetime>0</fadetime>
							</control>
							<control type="image">
								<left>227</left>
								<top>54</top>
								<width>100</width>
								<height>243</height>
								<texture flipx="true" border="1">side_shadow.png</texture>
							</control>
							<control type="image">
								<left>188</left>
								<top>28</top>
								<width>38</width>
								<height>38</height>
								<texture>$VAR[IconOverlay6Var]</texture>
								<visible>[!String.IsEmpty(Skin.String(56.Movies.DisableOverlay)) + Container.Content(movies)] | [!String.IsEmpty(Skin.String(56.TV.DisableOverlay)) + Container.Content(tvshows)] | [!String.IsEmpty(Skin.String(56.Sets.DisableOverlay)) + Container.Content(sets)] | [!String.IsEmpty(Skin.String(56.Seasons.DisableOverlay)) + Container.Content(seasons)]</visible>
							</control>
						</control>
					</control>
					<!-- Move Panel 7 to 6 -->
					<control type="group">
						<left>1488</left>
						<top>436</top>
						<width>304</width>
						<height>711</height>
						<visible>Container(56).OnNext</visible>
						<animation effect="zoom" start="1488,436,304,711" end="1335,406,348,814" time="200" reversible="false">Hidden</animation>
						<control type="group">
							<visible>!String.IsEmpty(Container.ListItemNoWrap(5).FolderPath) | !Skin.HasSetting(PostersWrapList)</visible>
							<control type="image">
								<left>19</left>
								<top>13</top>
								<width>266</width>
								<height>380</height>
								<aspectratio>scale</aspectratio>
								<texture background="true" fallback="DefaultVideo.png">$VAR[ShowcaseItem5Var]</texture>
								<bordertexture border="20">thumbs/thumb_shadow.png</bordertexture>
								<bordersize>20</bordersize>
								<fadetime>0</fadetime>
							</control>
							<control type="image">
								<left>265</left>
								<top>60</top>
								<width>100</width>
								<height>292</height>
								<texture flipx="true" border="1">side_shadow.png</texture>
							</control>
							<control type="image">
								<left>219</left>
								<top>33</top>
								<width>45</width>
								<height>45</height>
								<texture>$VAR[IconOverlay5Var]</texture>
								<visible>[!String.IsEmpty(Skin.String(56.Movies.DisableOverlay)) + Container.Content(movies)] | [!String.IsEmpty(Skin.String(56.TV.DisableOverlay)) + Container.Content(tvshows)] | [!String.IsEmpty(Skin.String(56.Sets.DisableOverlay)) + Container.Content(sets)] | [!String.IsEmpty(Skin.String(56.Seasons.DisableOverlay)) + Container.Content(seasons)]</visible>
							</control>
						</control>
					</control>
					<!-- Move Panel 6 to 5 -->
					<control type="group">
						<left>1335</left>
						<top>406</top>
						<width>348</width>
						<height>814</height>
						<visible>Container(56).OnNext</visible>
						<animation effect="zoom" start="1335,406,348,814" end="1152,375,393,918" time="200" reversible="false">Hidden</animation>
						<control type="group">
							<visible>!String.IsEmpty(Container.ListItemNoWrap(4).FolderPath) | !Skin.HasSetting(PostersWrapList)</visible>
							<control type="image">
								<left>25</left>
								<top>19</top>
								<width>300</width>
								<height>427</height>
								<aspectratio>scale</aspectratio>
								<texture background="true" fallback="DefaultVideo.png">$VAR[ShowcaseItem4Var]</texture>
								<bordertexture border="20">thumbs/thumb_shadow.png</bordertexture>
								<bordersize>20</bordersize>
								<fadetime>0</fadetime>
							</control>
							<control type="image">
								<left>305</left>
								<top>63</top>
								<width>100</width>
								<height>341</height>
								<texture flipx="true" border="1">side_shadow.png</texture>
							</control>
							<control type="image">
								<left>250</left>
								<top>39</top>
								<width>52</width>
								<height>52</height>
								<texture>$VAR[IconOverlay4Var]</texture>
								<visible>[!String.IsEmpty(Skin.String(56.Movies.DisableOverlay)) + Container.Content(movies)] | [!String.IsEmpty(Skin.String(56.TV.DisableOverlay)) + Container.Content(tvshows)] | [!String.IsEmpty(Skin.String(56.Sets.DisableOverlay)) + Container.Content(sets)] | [!String.IsEmpty(Skin.String(56.Seasons.DisableOverlay)) + Container.Content(seasons)]</visible>
							</control>
						</control>
					</control>
					<!-- Move Panel 5 to 4 -->
					<control type="group">
						<left>1152</left>
						<top>375</top>
						<width>393</width>
						<height>918</height>
						<visible>Container(56).OnNext</visible>
						<animation effect="zoom" start="1152,375,393,918" end="933,339,436,1022" time="200" reversible="false">Hidden</animation>
						<control type="group">
							<visible>!String.IsEmpty(Container.ListItemNoWrap(3).FolderPath) | !Skin.HasSetting(PostersWrapList)</visible>
							<control type="image">
								<left>30</left>
								<top>24</top>
								<width>332</width>
								<height>478</height>
								<aspectratio>scale</aspectratio>
								<texture background="true" fallback="DefaultVideo.png">$VAR[ShowcaseItem3Var]</texture>
								<bordertexture border="20">thumbs/thumb_shadow.png</bordertexture>
								<bordersize>20</bordersize>
								<fadetime>0</fadetime>
							</control>
							<control type="image">
								<left>342</left>
								<top>70</top>
								<width>100</width>
								<height>388</height>
								<texture flipx="true" border="1">side_shadow.png</texture>
							</control>
							<control type="image">
								<left>280</left>
								<top>44</top>
								<width>60</width>
								<height>60</height>
								<texture>$VAR[IconOverlay3Var]</texture>
								<visible>[!String.IsEmpty(Skin.String(56.Movies.DisableOverlay)) + Container.Content(movies)] | [!String.IsEmpty(Skin.String(56.TV.DisableOverlay)) + Container.Content(tvshows)] | [!String.IsEmpty(Skin.String(56.Sets.DisableOverlay)) + Container.Content(sets)] | [!String.IsEmpty(Skin.String(56.Seasons.DisableOverlay)) + Container.Content(seasons)]</visible>
							</control>
						</control>
					</control>
					<!-- Move Panel 4 to 3 -->
					<control type="group">
						<left>933</left>
						<top>339</top>
						<width>436</width>
						<height>1022</height>
						<visible>Container(56).OnNext</visible>
						<animation effect="zoom" start="933,339,436,1022" end="669,308,482,1125" time="200" reversible="false">Hidden</animation>
						<control type="group">
							<visible>!String.IsEmpty(Container.ListItemNoWrap(2).FolderPath) | !Skin.HasSetting(PostersWrapList)</visible>
							<control type="image">
								<left>36</left>
								<top>28</top>
								<width>366</width>
								<height>528</height>
								<aspectratio>scale</aspectratio>
								<texture background="true" fallback="DefaultVideo.png">$VAR[ShowcaseItem2Var]</texture>
								<bordertexture border="20">thumbs/thumb_shadow.png</bordertexture>
								<bordersize>20</bordersize>
								<fadetime>0</fadetime>
							</control>
							<control type="image">
								<left>382</left>
								<top>78</top>
								<width>100</width>
								<height>442</height>
								<texture flipx="true" border="1">side_shadow.png</texture>
							</control>
							<control type="image">
								<left>312</left>
								<top>48</top>
								<width>68</width>
								<height>68</height>
								<texture>$VAR[IconOverlay2Var]</texture>
								<visible>[!String.IsEmpty(Skin.String(56.Movies.DisableOverlay)) + Container.Content(movies)] | [!String.IsEmpty(Skin.String(56.TV.DisableOverlay)) + Container.Content(tvshows)] | [!String.IsEmpty(Skin.String(56.Sets.DisableOverlay)) + Container.Content(sets)] | [!String.IsEmpty(Skin.String(56.Seasons.DisableOverlay)) + Container.Content(seasons)]</visible>
							</control>
						</control>
					</control>
					<!-- Move Panel 3 to 2 -->
					<control type="group">
						<left>669</left>
						<top>308</top>
						<width>482</width>
						<height>1125</height>
						<visible>Container(56).OnNext</visible>
						<animation effect="zoom" start="669,308,482,1125" end="354,278,525,1228" time="200" reversible="false">Hidden</animation>
						<control type="group">
							<visible>!String.IsEmpty(Container.ListItemNoWrap(1).FolderPath) | !Skin.HasSetting(PostersWrapList)</visible>
							<control type="image">
								<left>42</left>
								<top>32</top>
								<width>398</width>
								<height>577</height>
								<aspectratio>scale</aspectratio>
								<texture background="true" fallback="DefaultVideo.png">$VAR[ShowcaseItem1Var]</texture>
								<bordertexture border="20">thumbs/thumb_shadow.png</bordertexture>
								<bordersize>20</bordersize>
								<fadetime>0</fadetime>
							</control>
							<control type="image">
								<left>420</left>
								<top>78</top>
								<width>100</width>
								<height>490</height>
								<texture flipx="true" border="1">side_shadow.png</texture>
							</control>
							<control type="image">
								<left>344</left>
								<top>52</top>
								<width>75</width>
								<height>75</height>
								<texture>$VAR[IconOverlay1Var]</texture>
								<visible>[!String.IsEmpty(Skin.String(56.Movies.DisableOverlay)) + Container.Content(movies)] | [!String.IsEmpty(Skin.String(56.TV.DisableOverlay)) + Container.Content(tvshows)] | [!String.IsEmpty(Skin.String(56.Sets.DisableOverlay)) + Container.Content(sets)] | [!String.IsEmpty(Skin.String(56.Seasons.DisableOverlay)) + Container.Content(seasons)]</visible>
							</control>
						</control>
					</control>
					<!-- Move Panel 2 to 1 -->
					<control type="group">
						<left>354</left>
						<top>278</top>
						<width>525</width>
						<height>1228</height>
						<visible>Container(56).OnNext</visible>
						<animation effect="zoom" start="354,278,525,1228" end="-26,246,570,1334" time="200" reversible="false">Hidden</animation>
						<control type="group">
							<visible>!String.IsEmpty(Container.ListItemNoWrap(0).FolderPath) | !Skin.HasSetting(PostersWrapList)</visible>
							<control type="image">
								<left>48</left>
								<top>37</top>
								<width>432</width>
								<height>626</height>
								<aspectratio>scale</aspectratio>
								<texture background="true" fallback="DefaultVideo.png">$VAR[ShowcaseItem0Var]</texture>
								<bordertexture border="20">thumbs/thumb_shadow.png</bordertexture>
								<bordersize>20</bordersize>
								<fadetime>0</fadetime>
							</control>
							<control type="image">
								<left>460</left>
								<top>82</top>
								<width>100</width>
								<height>538</height>
								<texture flipx="true" border="1">side_shadow.png</texture>
							</control>
							<control type="image">
								<left>375</left>
								<top>57</top>
								<width>82</width>
								<height>82</height>
								<texture>$VAR[IconOverlay0Var]</texture>
								<visible>[!String.IsEmpty(Skin.String(56.Movies.DisableOverlay)) + Container.Content(movies)] | [!String.IsEmpty(Skin.String(56.TV.DisableOverlay)) + Container.Content(tvshows)] | [!String.IsEmpty(Skin.String(56.Sets.DisableOverlay)) + Container.Content(sets)] | [!String.IsEmpty(Skin.String(56.Seasons.DisableOverlay)) + Container.Content(seasons)]</visible>
							</control>
						</control>
					</control>
					<!-- Hide Far Left Thumb On Move Next -->
					<control type="group">
						<left>16</left>
						<top>308</top>
						<width>484</width>
						<height>1272</height>
						<visible>Container(56).OnNext</visible>
						<animation type="Hidden" reversible="false">
							<effect type="fade" start="100" end="0" time="200" />
							<effect type="slide" end="-192,0" time="200" />
						</animation>
						<control type="group">
							<visible>!String.IsEmpty(Container.ListItemNoWrap(-1).FolderPath) | !Skin.HasSetting(PostersWrapList)</visible>
							<control type="image">
								<top>-20</top>
								<width>466</width>
								<height>676</height>
								<aspectratio>scale</aspectratio>
								<texture background="true" fallback="DefaultVideo.png">$VAR[ShowcaseItem-1Var]</texture>
								<bordertexture border="20">thumbs/thumb_shadow.png</bordertexture>
								<bordersize>20</bordersize>
								<fadetime>0</fadetime>
							</control>
							<control type="image">
								<left>364</left>
								<width>90</width>
								<height>90</height>
								<texture>$VAR[IconOverlay-1Var]</texture>
								<visible>[!String.IsEmpty(Skin.String(56.Movies.DisableOverlay)) + Container.Content(movies)] | [!String.IsEmpty(Skin.String(56.TV.DisableOverlay)) + Container.Content(tvshows)] | [!String.IsEmpty(Skin.String(56.Sets.DisableOverlay)) + Container.Content(sets)] | [!String.IsEmpty(Skin.String(56.Seasons.DisableOverlay)) + Container.Content(seasons)]</visible>
							</control>
						</control>
					</control>
				</control>
				<!-- Static Panels -->
				<control type="group" id="5800">
					<visible>!Control.IsVisible(5801) + !Control.IsVisible(5802)</visible>
					<animation type="Conditional" condition="Control.IsVisible(8401) + !Skin.HasSetting(PostersWrapList)" reversible="false">
						<effect type="slide" end="-30" time="60" tween="sine" />
						<effect type="slide" end="30" time="180" tween="sine" delay="80" />
					</animation>
					<animation type="Conditional" condition="Control.IsVisible(8400) + !Skin.HasSetting(PostersWrapList)" reversible="false">
						<effect type="slide" end="30" time="60" tween="sine" />
						<effect type="slide" end="-30" time="180" tween="sine" delay="80" />
					</animation>
					<!-- Panel 9 -->
					<control type="group">
						<left>1731</left>
						<top>498</top>
						<width>216</width>
						<height>506</height>
						<control type="group">
							<visible>!String.IsEmpty(Container.ListItemNoWrap(8).FolderPath) | !Skin.HasSetting(PostersWrapList)</visible>
							<control type="image">
								<left>7</left>
								<top>4</top>
								<width>200</width>
								<height>282</height>
								<aspectratio>scale</aspectratio>
								<texture background="true" fallback="DefaultVideo.png">$VAR[ShowcaseItem8Var]</texture>
								<bordertexture border="20">thumbs/thumb_shadow.png</bordertexture>
								<bordersize>20</bordersize>
								<fadetime>0</fadetime>
							</control>
							<control type="image">
								<left>187</left>
								<top>24</top>
								<width>100</width>
								<height>242</height>
								<texture flipx="true" border="1">side_shadow.png</texture>
							</control>
							<control type="image">
								<left>165</left>
								<top>24</top>
								<width>22</width>
								<height>22</height>
								<texture>$VAR[IconOverlay8Var]</texture>
								<visible>[!String.IsEmpty(Skin.String(56.Movies.DisableOverlay)) + Container.Content(movies)] | [!String.IsEmpty(Skin.String(56.TV.DisableOverlay)) + Container.Content(tvshows)] | [!String.IsEmpty(Skin.String(56.Sets.DisableOverlay)) + Container.Content(sets)] | [!String.IsEmpty(Skin.String(56.Seasons.DisableOverlay)) + Container.Content(seasons)]</visible>
							</control>
						</control>
					</control>
					<!-- Panel 8 -->
					<control type="group">
						<left>1617</left>
						<top>468</top>
						<width>260</width>
						<height>608</height>
						<control type="group">
							<visible>!String.IsEmpty(Container.ListItemNoWrap(7).FolderPath) | !Skin.HasSetting(PostersWrapList)</visible>
							<control type="image">
								<left>13</left>
								<top>8</top>
								<width>234</width>
								<height>331</height>
								<aspectratio>scale</aspectratio>
								<texture background="true" fallback="DefaultVideo.png">$VAR[ShowcaseItem7Var]</texture>
								<bordertexture border="20">thumbs/thumb_shadow.png</bordertexture>
								<bordersize>20</bordersize>
								<fadetime>0</fadetime>
							</control>
							<control type="image">
								<left>227</left>
								<top>54</top>
								<width>100</width>
								<height>243</height>
								<texture flipx="true" border="1">side_shadow.png</texture>
							</control>
							<control type="image">
								<left>198</left>
								<top>28</top>
								<width>29</width>
								<height>29</height>
								<texture>$VAR[IconOverlay7Var]</texture>
								<visible>[!String.IsEmpty(Skin.String(56.Movies.DisableOverlay)) + Container.Content(movies)] | [!String.IsEmpty(Skin.String(56.TV.DisableOverlay)) + Container.Content(tvshows)] | [!String.IsEmpty(Skin.String(56.Sets.DisableOverlay)) + Container.Content(sets)] | [!String.IsEmpty(Skin.String(56.Seasons.DisableOverlay)) + Container.Content(seasons)]</visible>
							</control>
						</control>
					</control>
					<!-- Panel 7 -->
					<control type="group">
						<left>1488</left>
						<top>436</top>
						<width>304</width>
						<height>711</height>
						<control type="group">
							<visible>!String.IsEmpty(Container.ListItemNoWrap(6).FolderPath) | !Skin.HasSetting(PostersWrapList)</visible>
							<control type="image">
								<left>19</left>
								<top>13</top>
								<width>266</width>
								<height>380</height>
								<aspectratio>scale</aspectratio>
								<texture background="true" fallback="DefaultVideo.png">$VAR[ShowcaseItem6Var]</texture>
								<bordertexture border="20">thumbs/thumb_shadow.png</bordertexture>
								<bordersize>20</bordersize>
								<fadetime>0</fadetime>
							</control>
							<control type="image">
								<left>265</left>
								<top>60</top>
								<width>100</width>
								<height>292</height>
								<texture flipx="true" border="1">side_shadow.png</texture>
							</control>
							<control type="image">
								<left>229</left>
								<top>33</top>
								<width>36</width>
								<height>36</height>
								<texture>$VAR[IconOverlay6Var]</texture>
								<visible>[!String.IsEmpty(Skin.String(56.Movies.DisableOverlay)) + Container.Content(movies)] | [!String.IsEmpty(Skin.String(56.TV.DisableOverlay)) + Container.Content(tvshows)] | [!String.IsEmpty(Skin.String(56.Sets.DisableOverlay)) + Container.Content(sets)] | [!String.IsEmpty(Skin.String(56.Seasons.DisableOverlay)) + Container.Content(seasons)]</visible>
							</control>
						</control>
					</control>
					<!-- Panel 6 -->
					<control type="group">
						<left>1335</left>
						<top>406</top>
						<width>348</width>
						<height>814</height>
						<control type="group">
							<visible>!String.IsEmpty(Container.ListItemNoWrap(5).FolderPath) | !Skin.HasSetting(PostersWrapList)</visible>
							<control type="image">
								<left>25</left>
								<top>19</top>
								<width>300</width>
								<height>427</height>
								<aspectratio>scale</aspectratio>
								<texture background="true" fallback="DefaultVideo.png">$VAR[ShowcaseItem5Var]</texture>
								<bordertexture border="20">thumbs/thumb_shadow.png</bordertexture>
								<bordersize>20</bordersize>
								<fadetime>0</fadetime>
							</control>
							<control type="image">
								<left>305</left>
								<top>63</top>
								<width>100</width>
								<height>341</height>
								<texture flipx="true" border="1">side_shadow.png</texture>
							</control>
							<control type="image">
								<left>262</left>
								<top>39</top>
								<width>43</width>
								<height>43</height>
								<texture>$VAR[IconOverlay5Var]</texture>
								<visible>[!String.IsEmpty(Skin.String(56.Movies.DisableOverlay)) + Container.Content(movies)] | [!String.IsEmpty(Skin.String(56.TV.DisableOverlay)) + Container.Content(tvshows)] | [!String.IsEmpty(Skin.String(56.Sets.DisableOverlay)) + Container.Content(sets)] | [!String.IsEmpty(Skin.String(56.Seasons.DisableOverlay)) + Container.Content(seasons)]</visible>
							</control>
						</control>
					</control>
					<!-- Panel 5 -->
					<control type="group">
						<left>1152</left>
						<top>375</top>
						<width>393</width>
						<height>918</height>
						<control type="group">
							<visible>!String.IsEmpty(Container.ListItemNoWrap(4).FolderPath) | !Skin.HasSetting(PostersWrapList)</visible>
							<control type="image">
								<left>30</left>
								<top>24</top>
								<width>332</width>
								<height>478</height>
								<aspectratio>scale</aspectratio>
								<texture background="true" fallback="DefaultVideo.png">$VAR[ShowcaseItem4Var]</texture>
								<bordertexture border="20">thumbs/thumb_shadow.png</bordertexture>
								<bordersize>20</bordersize>
								<fadetime>0</fadetime>
							</control>
							<control type="image">
								<left>342</left>
								<top>70</top>
								<width>100</width>
								<height>388</height>
								<texture flipx="true" border="1">side_shadow.png</texture>
							</control>
							<control type="image">
								<left>292</left>
								<top>44</top>
								<width>50</width>
								<height>50</height>
								<texture>$VAR[IconOverlay4Var]</texture>
								<visible>[!String.IsEmpty(Skin.String(56.Movies.DisableOverlay)) + Container.Content(movies)] | [!String.IsEmpty(Skin.String(56.TV.DisableOverlay)) + Container.Content(tvshows)] | [!String.IsEmpty(Skin.String(56.Sets.DisableOverlay)) + Container.Content(sets)] | [!String.IsEmpty(Skin.String(56.Seasons.DisableOverlay)) + Container.Content(seasons)]</visible>
							</control>
						</control>
					</control>
					<!-- Panel 4 -->
					<control type="group">
						<left>933</left>
						<top>339</top>
						<width>436</width>
						<height>1022</height>
						<control type="group">
							<visible>!String.IsEmpty(Container.ListItemNoWrap(3).FolderPath) | !Skin.HasSetting(PostersWrapList)</visible>
							<control type="image">
								<left>36</left>
								<top>28</top>
								<width>366</width>
								<height>528</height>
								<aspectratio>scale</aspectratio>
								<texture background="true" fallback="DefaultVideo.png">$VAR[ShowcaseItem3Var]</texture>
								<bordertexture border="20">thumbs/thumb_shadow.png</bordertexture>
								<bordersize>20</bordersize>
								<fadetime>0</fadetime>
							</control>
							<control type="image">
								<left>382</left>
								<top>78</top>
								<width>100</width>
								<height>442</height>
								<texture flipx="true" border="1">side_shadow.png</texture>
							</control>
							<control type="image">
								<left>325</left>
								<top>48</top>
								<width>57</width>
								<height>57</height>
								<texture>$VAR[IconOverlay3Var]</texture>
								<visible>[!String.IsEmpty(Skin.String(56.Movies.DisableOverlay)) + Container.Content(movies)] | [!String.IsEmpty(Skin.String(56.TV.DisableOverlay)) + Container.Content(tvshows)] | [!String.IsEmpty(Skin.String(56.Sets.DisableOverlay)) + Container.Content(sets)] | [!String.IsEmpty(Skin.String(56.Seasons.DisableOverlay)) + Container.Content(seasons)]</visible>
							</control>
						</control>
					</control>
					<!-- Panel 3 -->
					<control type="group">
						<left>669</left>
						<top>308</top>
						<width>482</width>
						<height>1125</height>
						<control type="group">
							<visible>!String.IsEmpty(Container.ListItemNoWrap(2).FolderPath) | !Skin.HasSetting(PostersWrapList)</visible>
							<control type="image">
								<left>42</left>
								<top>32</top>
								<width>398</width>
								<height>577</height>
								<aspectratio>scale</aspectratio>
								<texture background="true" fallback="DefaultVideo.png">$VAR[ShowcaseItem2Var]</texture>
								<bordertexture border="20">thumbs/thumb_shadow.png</bordertexture>
								<bordersize>20</bordersize>
								<fadetime>0</fadetime>
							</control>
							<control type="image">
								<left>420</left>
								<top>78</top>
								<width>100</width>
								<height>490</height>
								<texture flipx="true" border="1">side_shadow.png</texture>
							</control>
							<control type="image">
								<left>356</left>
								<top>52</top>
								<width>64</width>
								<height>64</height>
								<texture>$VAR[IconOverlay2Var]</texture>
								<visible>[!String.IsEmpty(Skin.String(56.Movies.DisableOverlay)) + Container.Content(movies)] | [!String.IsEmpty(Skin.String(56.TV.DisableOverlay)) + Container.Content(tvshows)] | [!String.IsEmpty(Skin.String(56.Sets.DisableOverlay)) + Container.Content(sets)] | [!String.IsEmpty(Skin.String(56.Seasons.DisableOverlay)) + Container.Content(seasons)]</visible>
							</control>
						</control>
					</control>
					<!-- Panel 2 -->
					<control type="group">
						<left>354</left>
						<top>278</top>
						<width>525</width>
						<height>1228</height>
						<control type="group">
							<visible>!String.IsEmpty(Container.ListItemNoWrap(1).FolderPath) | !Skin.HasSetting(PostersWrapList)</visible>
							<control type="image">
								<left>48</left>
								<top>37</top>
								<width>432</width>
								<height>626</height>
								<aspectratio>scale</aspectratio>
								<texture background="true" fallback="DefaultVideo.png">$VAR[ShowcaseItem1Var]</texture>
								<bordertexture border="20">thumbs/thumb_shadow.png</bordertexture>
								<bordersize>20</bordersize>
								<fadetime>0</fadetime>
							</control>
							<control type="image">
								<left>460</left>
								<top>82</top>
								<width>100</width>
								<height>538</height>
								<texture flipx="true" border="1">side_shadow.png</texture>
							</control>
							<control type="image">
								<left>387</left>
								<top>57</top>
								<width>73</width>
								<height>73</height>
								<texture>$VAR[IconOverlay1Var]</texture>
								<visible>[!String.IsEmpty(Skin.String(56.Movies.DisableOverlay)) + Container.Content(movies)] | [!String.IsEmpty(Skin.String(56.TV.DisableOverlay)) + Container.Content(tvshows)] | [!String.IsEmpty(Skin.String(56.Sets.DisableOverlay)) + Container.Content(sets)] | [!String.IsEmpty(Skin.String(56.Seasons.DisableOverlay)) + Container.Content(seasons)]</visible>
							</control>
						</control>
					</control>
					<!-- Panel 1 -->
					<control type="group">
						<left>-26</left>
						<top>246</top>
						<width>570</width>
						<height>1334</height>
						<control type="group">
							<visible>!String.IsEmpty(Container.ListItemNoWrap(0).FolderPath) | !Skin.HasSetting(PostersWrapList)</visible>
							<control type="image">
								<left>54</left>
								<top>42</top>
								<width>466</width>
								<height>676</height>
								<aspectratio>scale</aspectratio>
								<texture background="true" fallback="DefaultVideo.png">$VAR[ShowcaseItem0Var]</texture>
								<bordertexture border="20">thumbs/thumb_shadow.png</bordertexture>
								<bordersize>20</bordersize>
								<fadetime>0</fadetime>
							</control>
							<control type="image">
								<left>500</left>
								<top>88</top>
								<width>100</width>
								<height>588</height>
								<texture flipx="true" border="1">side_shadow.png</texture>
							</control>
							<control type="image">
								<left>420</left>
								<top>62</top>
								<width>80</width>
								<height>80</height>
								<texture>$VAR[IconOverlay0Var]</texture>
								<visible>[!String.IsEmpty(Skin.String(56.Movies.DisableOverlay)) + Container.Content(movies)] | [!String.IsEmpty(Skin.String(56.TV.DisableOverlay)) + Container.Content(tvshows)] | [!String.IsEmpty(Skin.String(56.Sets.DisableOverlay)) + Container.Content(sets)] | [!String.IsEmpty(Skin.String(56.Seasons.DisableOverlay)) + Container.Content(seasons)]</visible>
							</control>
							<include condition="Skin.HasSetting(Disable.UnwatchedIcon)" content="UnwatchedEpisodeOverlay">
								<param name="left">74</param>
								<param name="top">62</param>
							</include>
						</control>
					</control>
				</control>
			</control>
			<control type="fixedlist" id="56">
				<top>460</top>
				<width>1890</width>
				<height>560</height>
				<onup>SetProperty(MediaMenu,True,Home)</onup>
				<onup>SetFocus(9050)</onup>
				<ondown condition="Control.IsVisible(95660)">95660</ondown>
				<ondown condition="!Control.IsVisible(95660)">4400</ondown>
				<orientation>horizontal</orientation>
				<viewtype label="$LOCALIZE[31243]">bigicon</viewtype>
				<pagecontrol>95660</pagecontrol>
				<focusposition>1</focusposition>
				<preloaditems>2</preloaditems>
				<visible>!Skin.HasSetting(skinvariables.viewtypes) + [Container.Content(genres) | Container.Content(tvshows) | Container.Content(movies) | Container.Content(sets) | Container.Content(videoversions) | Container.Content(seasons) | Container.Content(musicvideos)] | Skin.HasSetting(skinvariables.viewtypes) + $EXP[Exp_View_56]</visible>
				<itemlayout width="210" height="750" />
				<focusedlayout width="210" height="750" />
			</control>
			<!-- Invisible buttons for list end animation -->
			<control type="button" id="8400">
				<include>HiddenObject</include>
				<onfocus>SetFocus(56)</onfocus>
				<visible allowhiddenfocus="true">Control.HasFocus(8400)</visible>
				<animation effect="fade" time="160">Hidden</animation>
			</control>
			<control type="button" id="8401">
				<include>HiddenObject</include>
				<onfocus>SetFocus(56)</onfocus>
				<visible allowhiddenfocus="true">Control.HasFocus(8401)</visible>
				<animation effect="fade" time="160">Hidden</animation>
			</control>
		</control>
	</include>
</includes>